<?xml version="1.0" encoding="utf-8" standalone="no"?>
<changelog xmlns="http://www.omnigroup.com/namespace/OmniPlan/v2">
  <version>2.1</version>
  <task-change-set user="Tim Nelson" date="2013-12-11T16:43:05.575Z" timestamp="2013-12-11T16:43:05.575Z">
    <change idref="t146" attribute="noLaterThanConstrainedTaskEnd" type="real" from="1" to="0" resolved="yes"/>
  </task-change-set>
  <task-change-set user="Tim Nelson" date="2013-12-11T23:13:27.009Z" timestamp="2013-12-11T23:13:27.009Z">
    <change idref="t126" attribute="effort" type="real" from="1728000" to="864000" resolved="yes"/>
    <change idref="t127" attribute="resourceLeveledDate" type="date" from="2014-06-23T15:00:00.000Z" to="2014-05-12T15:00:00.000Z" resolved="yes"/>
    <change idref="t128" attribute="resourceLeveledDate" type="date" from="2014-07-21T15:00:00.000Z" to="2014-06-09T15:00:00.000Z" resolved="yes"/>
    <change idref="t160" attribute="resourceLeveledDate" type="date" from="2014-08-16T00:00:00.000Z" to="2014-07-05T00:00:00.000Z" resolved="yes"/>
    <change idref="t161" attribute="internalPrerequisitesString" type="string" from="46FS" to="46FS, 128FS" resolved="yes"/>
  </task-change-set>
  <task-change-set user="Tim Nelson" date="2013-12-13T21:25:28.967Z" timestamp="2013-12-13T21:25:28.967Z">
    <change idref="t272" to="t-1" to-position="1" resurrection="yes" resolved="yes">
      <change idref="t272" attribute="isGroup" type="real" from="0" to="1"/>
      <change idref="t272" attribute="noEarlierThanConstraintDate" type="date" to="2013-12-13T16:00:00.000Z"/>
      <change idref="t272" attribute="taskType" type="real" from="0" to="2"/>
      <change idref="t272" attribute="title" type="string" to="SVT DAQ"/>
    </change>
    <change idref="t21" attribute="resourceLeveledDate" type="date" from="2014-05-26T15:00:00.000Z" to="2014-10-03T15:00:00.000Z" resolved="yes"/>
    <change idref="t29" attribute="title" type="string" from="Hybrids" to="L4-6 Hybrids" resolved="yes"/>
    <change idref="t46" attribute="resourceLeveledDate" type="date" from="2014-06-09T15:00:00.000Z" to="2014-10-17T15:00:00.000Z" resolved="yes"/>
    <change idref="t59" attribute="resourceLeveledDate" type="date" from="2014-03-17T15:00:00.000Z" to="2014-06-13T15:00:00.000Z" resolved="yes"/>
    <change idref="t62" attribute="resourceLeveledDate" type="date" from="2014-07-07T15:00:00.000Z" to="2014-11-14T16:00:00.000Z" resolved="yes"/>
    <change idref="t63" attribute="resourceLeveledDate" type="date" from="2014-07-21T15:00:00.000Z" to="2014-11-28T16:00:00.000Z" resolved="yes"/>
    <change idref="t64" attribute="resourceLeveledDate" type="date" from="2014-08-18T15:00:00.000Z" to="2014-12-26T16:00:00.000Z" resolved="yes"/>
    <change idref="t84" attribute="noLaterThanConstrainedTaskEnd" type="real" from="1" to="0" resolved="yes"/>
    <change idref="t84" attribute="resourceLeveledDate" type="date" from="2013-08-05T15:00:00.000Z" to="2013-12-13T16:00:00.000Z" resolved="yes"/>
    <change idref="t85" attribute="resourceLeveledDate" type="date" from="2013-09-30T15:00:00.000Z" to="2014-02-07T16:00:00.000Z" resolved="yes"/>
    <change idref="t86" attribute="resourceLeveledDate" type="date" from="2013-10-14T15:00:00.000Z" to="2014-02-21T16:00:00.000Z" resolved="yes"/>
    <change idref="t87" attribute="resourceLeveledDate" type="date" from="2013-10-28T15:00:00.000Z" to="2014-03-07T16:00:00.000Z" resolved="yes"/>
    <change idref="t88" attribute="resourceLeveledDate" type="date" from="2013-11-25T16:00:00.000Z" to="2014-04-04T15:00:00.000Z" resolved="yes"/>
    <change idref="t103" attribute="resourceLeveledDate" type="date" from="2013-11-11T16:00:00.000Z" to="2014-02-07T16:00:00.000Z" resolved="yes"/>
    <change idref="t104" attribute="resourceLeveledDate" type="date" from="2014-01-06T16:00:00.000Z" to="2014-04-04T15:00:00.000Z" resolved="yes"/>
    <change idref="t105" attribute="resourceLeveledDate" type="date" from="2014-01-20T16:00:00.000Z" to="2014-04-18T15:00:00.000Z" resolved="yes"/>
    <change idref="t106" attribute="resourceLeveledDate" type="date" from="2014-02-17T16:00:00.000Z" to="2014-05-16T15:00:00.000Z" resolved="yes"/>
    <change idref="t107" attribute="resourceLeveledDate" type="date" from="2014-03-03T16:00:00.000Z" to="2014-05-30T15:00:00.000Z" resolved="yes"/>
    <change idref="t108" attribute="resourceLeveledDate" type="date" from="2013-11-11T16:00:00.000Z" to="2014-02-07T16:00:00.000Z" resolved="yes"/>
    <change idref="t109" attribute="resourceLeveledDate" type="date" from="2014-01-06T16:00:00.000Z" to="2014-04-04T15:00:00.000Z" resolved="yes"/>
    <change idref="t110" attribute="resourceLeveledDate" type="date" from="2014-01-20T16:00:00.000Z" to="2014-04-18T15:00:00.000Z" resolved="yes"/>
    <change idref="t111" attribute="resourceLeveledDate" type="date" from="2014-02-17T16:00:00.000Z" to="2014-05-16T15:00:00.000Z" resolved="yes"/>
    <change idref="t112" attribute="resourceLeveledDate" type="date" from="2014-03-03T16:00:00.000Z" to="2014-05-30T15:00:00.000Z" resolved="yes"/>
    <change idref="t124" attribute="resourceLeveledDate" type="date" from="2014-01-06T16:00:00.000Z" to="2014-04-04T15:00:00.000Z" resolved="yes"/>
    <change idref="t125" attribute="resourceLeveledDate" type="date" from="2014-02-03T16:00:00.000Z" to="2014-05-02T15:00:00.000Z" resolved="yes"/>
    <change idref="t126" attribute="resourceLeveledDate" type="date" from="2014-03-31T15:00:00.000Z" to="2014-06-27T15:00:00.000Z" resolved="yes"/>
    <change idref="t127" attribute="resourceLeveledDate" type="date" from="2014-05-12T15:00:00.000Z" to="2014-08-08T15:00:00.000Z" resolved="yes"/>
    <change idref="t128" attribute="resourceLeveledDate" type="date" from="2014-06-09T15:00:00.000Z" to="2014-09-05T15:00:00.000Z" resolved="yes"/>
    <change idref="t143" attribute="resourceLeveledDate" type="date" from="2014-03-31T15:00:00.000Z" to="2014-06-27T15:00:00.000Z" resolved="yes"/>
    <change idref="t148" attribute="resourceLeveledDate" type="date" from="2014-01-18T01:00:00.000Z" to="2014-05-30T00:00:00.000Z" resolved="yes"/>
    <change idref="t149" attribute="resourceLeveledDate" type="date" from="2014-03-01T01:00:00.000Z" to="2014-07-11T00:00:00.000Z" resolved="yes"/>
    <change idref="t150" attribute="resourceLeveledDate" type="date" from="2014-05-24T00:00:00.000Z" to="2014-10-03T00:00:00.000Z" resolved="yes"/>
    <change idref="t159" attribute="resourceLeveledDate" type="date" from="2014-04-12T00:00:00.000Z" to="2014-07-11T00:00:00.000Z" resolved="yes"/>
    <change idref="t160" attribute="resourceLeveledDate" type="date" from="2014-07-05T00:00:00.000Z" to="2014-10-03T00:00:00.000Z" resolved="yes"/>
    <change idref="t161" attribute="resourceLeveledDate" type="date" from="2014-07-05T00:00:00.000Z" to="2014-11-14T01:00:00.000Z" resolved="yes"/>
    <change idref="t162" attribute="resourceLeveledDate" type="date" from="2014-08-23T00:00:00.000Z" to="2015-01-02T01:00:00.000Z" resolved="yes"/>
    <change idref="t192" attribute="resourceLeveledDate" type="date" from="2014-04-26T00:00:00.000Z" to="2014-09-05T00:00:00.000Z" resolved="yes"/>
    <change idref="t200" attribute="resourceLeveledDate" type="date" from="2013-09-30T15:00:00.000Z" to="2014-02-07T16:00:00.000Z" resolved="yes"/>
    <change idref="t201" attribute="resourceLeveledDate" type="date" from="2013-09-30T15:00:00.000Z" to="2014-02-07T16:00:00.000Z" resolved="yes"/>
    <change idref="t202" attribute="resourceLeveledDate" type="date" from="2013-09-30T15:00:00.000Z" to="2014-02-07T16:00:00.000Z" resolved="yes"/>
    <change idref="t204" attribute="resourceLeveledDate" type="date" from="2013-08-05T15:00:00.000Z" to="2013-12-13T16:00:00.000Z" resolved="yes"/>
    <change idref="t205" attribute="resourceLeveledDate" type="date" from="2013-10-14T15:00:00.000Z" to="2014-02-21T16:00:00.000Z" resolved="yes"/>
    <change idref="t206" attribute="resourceLeveledDate" type="date" from="2013-10-28T15:00:00.000Z" to="2014-03-07T16:00:00.000Z" resolved="yes"/>
    <change idref="t207" attribute="resourceLeveledDate" type="date" from="2013-10-28T15:00:00.000Z" to="2014-03-07T16:00:00.000Z" resolved="yes"/>
    <change idref="t209" attribute="resourceLeveledDate" type="date" from="2013-12-09T16:00:00.000Z" to="2014-04-18T15:00:00.000Z" resolved="yes"/>
    <change idref="t210" attribute="resourceLeveledDate" type="date" from="2013-12-09T16:00:00.000Z" to="2014-04-18T15:00:00.000Z" resolved="yes"/>
    <change idref="t211" attribute="resourceLeveledDate" type="date" from="2013-12-09T16:00:00.000Z" to="2014-04-18T15:00:00.000Z" resolved="yes"/>
    <change idref="t216" attribute="resourceLeveledDate" type="date" from="2013-07-08T15:00:00.000Z" to="2013-11-15T16:00:00.000Z" resolved="yes"/>
    <change idref="t217" attribute="resourceLeveledDate" type="date" from="2013-09-30T15:00:00.000Z" to="2014-02-07T16:00:00.000Z" resolved="yes"/>
    <change idref="t218" attribute="resourceLeveledDate" type="date" from="2013-10-01T15:00:00.000Z" to="2014-02-07T16:00:00.000Z" resolved="yes"/>
    <change idref="t232" attribute="resourceLeveledDate" type="date" from="2013-11-25T16:00:00.000Z" to="2014-04-04T15:00:00.000Z" resolved="yes"/>
    <change idref="t247" attribute="resourceLeveledDate" type="date" from="2013-08-05T15:00:00.000Z" to="2013-12-13T16:00:00.000Z" resolved="yes"/>
    <change idref="t248" attribute="resourceLeveledDate" type="date" from="2013-09-16T15:00:00.000Z" to="2014-01-24T16:00:00.000Z" resolved="yes"/>
    <change idref="t249" attribute="resourceLeveledDate" type="date" from="2013-10-01T15:00:00.000Z" to="2014-02-07T16:00:00.000Z" resolved="yes"/>
    <change idref="t250" attribute="resourceLeveledDate" type="date" from="2013-10-29T15:00:00.000Z" to="2014-03-07T16:00:00.000Z" resolved="yes"/>
    <change idref="t251" attribute="resourceLeveledDate" type="date" from="2014-01-20T16:00:00.000Z" to="2014-05-30T15:00:00.000Z" resolved="yes"/>
    <change idref="t252" attribute="resourceLeveledDate" type="date" from="2014-01-20T16:00:00.000Z" to="2014-05-30T15:00:00.000Z" resolved="yes"/>
    <change idref="t253" attribute="resourceLeveledDate" type="date" from="2014-02-17T16:00:00.000Z" to="2014-06-27T15:00:00.000Z" resolved="yes"/>
    <change idref="t254" attribute="resourceLeveledDate" type="date" from="2014-04-28T15:00:00.000Z" to="2014-09-05T15:00:00.000Z" resolved="yes"/>
    <change idref="t256" attribute="resourceLeveledDate" type="date" from="2014-05-12T15:00:00.000Z" to="2014-09-19T15:00:00.000Z" resolved="yes"/>
    <change idref="t266" attribute="resourceLeveledDate" type="date" from="2013-07-08T15:00:00.000Z" to="2013-11-15T16:00:00.000Z" resolved="yes"/>
    <change idref="t267" attribute="resourceLeveledDate" type="date" from="2013-10-01T15:00:00.000Z" to="2014-02-07T16:00:00.000Z" resolved="yes"/>
    <change idref="t268" attribute="resourceLeveledDate" type="date" from="2013-10-29T15:00:00.000Z" to="2014-03-07T16:00:00.000Z" resolved="yes"/>
    <change idref="t269" attribute="resourceLeveledDate" type="date" from="2014-03-03T16:00:00.000Z" to="2014-07-11T15:00:00.000Z" resolved="yes"/>
    <change idref="t270" attribute="resourceLeveledDate" type="date" from="2014-03-17T15:00:00.000Z" to="2014-07-25T15:00:00.000Z" resolved="yes"/>
    <change idref="t271" attribute="resourceLeveledDate" type="date" from="2014-03-17T15:00:00.000Z" to="2014-07-25T15:00:00.000Z" resolved="yes"/>
    <change idref="t275" to="t274" to-position="0" resolved="yes">
      <change idref="t275" attribute="noEarlierThanConstraintDate" type="date" to="2013-12-13T16:00:00.000Z"/>
      <change idref="t275" attribute="resourceLeveledDate" type="date" to="2013-12-13T16:00:00.000Z"/>
      <change idref="t275" attribute="title" type="string" to="Design"/>
    </change>
    <change idref="t277" to="t274" to-position="1" resolved="yes">
      <change idref="t277" attribute="noEarlierThanConstraintDate" type="date" to="2013-12-13T16:00:00.000Z"/>
      <change idref="t277" attribute="resourceLeveledDate" type="date" to="2013-12-13T16:00:00.000Z"/>
      <change idref="t277" attribute="title" type="string" to="Procurement"/>
    </change>
    <change idref="t278" to="t274" to-position="2" resolved="yes">
      <change idref="t278" attribute="noEarlierThanConstraintDate" type="date" to="2013-12-13T16:00:00.000Z"/>
      <change idref="t278" attribute="resourceLeveledDate" type="date" to="2013-12-13T16:00:00.000Z"/>
      <change idref="t278" attribute="title" type="string" to="Assembly"/>
    </change>
    <change idref="t279" to="t274" to-position="3" resolved="yes">
      <change idref="t279" attribute="noEarlierThanConstraintDate" type="date" to="2013-12-13T16:00:00.000Z"/>
      <change idref="t279" attribute="resourceLeveledDate" type="date" to="2013-12-13T16:00:00.000Z"/>
      <change idref="t279" attribute="title" type="string" to="Testing"/>
    </change>
    <change idref="t286" to="t280" to-position="0" resolved="yes">
      <change idref="t286" attribute="noEarlierThanConstraintDate" type="date" to="2013-12-13T16:00:00.000Z"/>
      <change idref="t286" attribute="resourceLeveledDate" type="date" to="2013-12-13T16:00:00.000Z"/>
      <change idref="t286" attribute="title" type="string" to="Design"/>
    </change>
    <change idref="t287" to="t280" to-position="1" resolved="yes">
      <change idref="t287" attribute="noEarlierThanConstraintDate" type="date" to="2013-12-13T16:00:00.000Z"/>
      <change idref="t287" attribute="resourceLeveledDate" type="date" to="2013-12-13T16:00:00.000Z"/>
      <change idref="t287" attribute="title" type="string" to="Procurement"/>
    </change>
    <change idref="t288" to="t280" to-position="2" resolved="yes">
      <change idref="t288" attribute="noEarlierThanConstraintDate" type="date" to="2013-12-13T16:00:00.000Z"/>
      <change idref="t288" attribute="resourceLeveledDate" type="date" to="2013-12-13T16:00:00.000Z"/>
      <change idref="t288" attribute="title" type="string" to="Assembly "/>
    </change>
    <change idref="t289" to="t280" to-position="3" resolved="yes">
      <change idref="t289" attribute="noEarlierThanConstraintDate" type="date" to="2013-12-13T16:00:00.000Z"/>
      <change idref="t289" attribute="resourceLeveledDate" type="date" to="2013-12-13T16:00:00.000Z"/>
      <change idref="t289" attribute="title" type="string" to="Testing"/>
    </change>
    <change idref="t291" to="t281" to-position="0" resolved="yes">
      <change idref="t291" attribute="noEarlierThanConstraintDate" type="date" to="2013-12-13T16:00:00.000Z"/>
      <change idref="t291" attribute="resourceLeveledDate" type="date" to="2013-12-13T16:00:00.000Z"/>
      <change idref="t291" attribute="title" type="string" to="Design"/>
    </change>
    <change idref="t292" to="t281" to-position="1" resolved="yes">
      <change idref="t292" attribute="noEarlierThanConstraintDate" type="date" to="2013-12-13T16:00:00.000Z"/>
      <change idref="t292" attribute="resourceLeveledDate" type="date" to="2013-12-13T16:00:00.000Z"/>
      <change idref="t292" attribute="title" type="string" to="Procurement"/>
    </change>
    <change idref="t293" to="t281" to-position="2" resolved="yes">
      <change idref="t293" attribute="noEarlierThanConstraintDate" type="date" to="2013-12-13T16:00:00.000Z"/>
      <change idref="t293" attribute="resourceLeveledDate" type="date" to="2013-12-13T16:00:00.000Z"/>
      <change idref="t293" attribute="title" type="string" to="Assembly "/>
    </change>
    <change idref="t294" to="t281" to-position="3" resolved="yes">
      <change idref="t294" attribute="noEarlierThanConstraintDate" type="date" to="2013-12-13T16:00:00.000Z"/>
      <change idref="t294" attribute="resourceLeveledDate" type="date" to="2013-12-13T16:00:00.000Z"/>
      <change idref="t294" attribute="title" type="string" to="Testing"/>
    </change>
    <change idref="t295" to="t282" to-position="0" resolved="yes">
      <change idref="t295" attribute="noEarlierThanConstraintDate" type="date" to="2013-12-13T16:00:00.000Z"/>
      <change idref="t295" attribute="resourceLeveledDate" type="date" to="2013-12-13T16:00:00.000Z"/>
      <change idref="t295" attribute="title" type="string" to="Design"/>
    </change>
    <change idref="t296" to="t282" to-position="1" resolved="yes">
      <change idref="t296" attribute="noEarlierThanConstraintDate" type="date" to="2013-12-13T16:00:00.000Z"/>
      <change idref="t296" attribute="resourceLeveledDate" type="date" to="2013-12-13T16:00:00.000Z"/>
      <change idref="t296" attribute="title" type="string" to="Procurement"/>
    </change>
    <change idref="t297" to="t282" to-position="2" resolved="yes">
      <change idref="t297" attribute="noEarlierThanConstraintDate" type="date" to="2013-12-13T16:00:00.000Z"/>
      <change idref="t297" attribute="resourceLeveledDate" type="date" to="2013-12-13T16:00:00.000Z"/>
      <change idref="t297" attribute="title" type="string" to="Assembly"/>
    </change>
    <change idref="t298" to="t282" to-position="3" resolved="yes">
      <change idref="t298" attribute="noEarlierThanConstraintDate" type="date" to="2013-12-13T16:00:00.000Z"/>
      <change idref="t298" attribute="resourceLeveledDate" type="date" to="2013-12-13T16:00:00.000Z"/>
      <change idref="t298" attribute="title" type="string" to="Testing"/>
    </change>
    <change idref="t299" to="t283" to-position="0" resolved="yes">
      <change idref="t299" attribute="noEarlierThanConstraintDate" type="date" to="2013-12-13T16:00:00.000Z"/>
      <change idref="t299" attribute="resourceLeveledDate" type="date" to="2013-12-13T16:00:00.000Z"/>
      <change idref="t299" attribute="title" type="string" to="Design"/>
    </change>
    <change idref="t300" to="t283" to-position="1" resolved="yes">
      <change idref="t300" attribute="noEarlierThanConstraintDate" type="date" to="2013-12-13T16:00:00.000Z"/>
      <change idref="t300" attribute="resourceLeveledDate" type="date" to="2013-12-13T16:00:00.000Z"/>
      <change idref="t300" attribute="title" type="string" to="Procurement"/>
    </change>
    <change idref="t301" to="t283" to-position="2" resolved="yes">
      <change idref="t301" attribute="noEarlierThanConstraintDate" type="date" to="2013-12-13T16:00:00.000Z"/>
      <change idref="t301" attribute="resourceLeveledDate" type="date" to="2013-12-13T16:00:00.000Z"/>
      <change idref="t301" attribute="title" type="string" to="Assembly"/>
    </change>
    <change idref="t302" to="t283" to-position="3" resolved="yes">
      <change idref="t302" attribute="noEarlierThanConstraintDate" type="date" to="2013-12-13T16:00:00.000Z"/>
      <change idref="t302" attribute="resourceLeveledDate" type="date" to="2013-12-13T16:00:00.000Z"/>
      <change idref="t302" attribute="title" type="string" to="Testing"/>
    </change>
    <change idref="t303" to="t284" to-position="0" resolved="yes">
      <change idref="t303" attribute="noEarlierThanConstraintDate" type="date" to="2013-12-13T16:00:00.000Z"/>
      <change idref="t303" attribute="resourceLeveledDate" type="date" to="2013-12-13T16:00:00.000Z"/>
      <change idref="t303" attribute="title" type="string" to="Design"/>
    </change>
    <change idref="t304" to="t284" to-position="1" resolved="yes">
      <change idref="t304" attribute="noEarlierThanConstraintDate" type="date" to="2013-12-13T16:00:00.000Z"/>
      <change idref="t304" attribute="resourceLeveledDate" type="date" to="2013-12-13T16:00:00.000Z"/>
      <change idref="t304" attribute="title" type="string" to="Procurement"/>
    </change>
    <change idref="t305" to="t284" to-position="2" resolved="yes">
      <change idref="t305" attribute="noEarlierThanConstraintDate" type="date" to="2013-12-13T16:00:00.000Z"/>
      <change idref="t305" attribute="resourceLeveledDate" type="date" to="2013-12-13T16:00:00.000Z"/>
      <change idref="t305" attribute="title" type="string" to="Assembly"/>
    </change>
    <change idref="t306" to="t284" to-position="3" resolved="yes">
      <change idref="t306" attribute="noEarlierThanConstraintDate" type="date" to="2013-12-13T16:00:00.000Z"/>
      <change idref="t306" attribute="resourceLeveledDate" type="date" to="2013-12-13T16:00:00.000Z"/>
      <change idref="t306" attribute="title" type="string" to="Testing"/>
    </change>
    <change idref="t307" to="t285" to-position="0" resolved="yes">
      <change idref="t307" attribute="noEarlierThanConstraintDate" type="date" to="2013-12-13T16:00:00.000Z"/>
      <change idref="t307" attribute="resourceLeveledDate" type="date" to="2013-12-13T16:00:00.000Z"/>
      <change idref="t307" attribute="title" type="string" to="Design"/>
    </change>
    <change idref="t308" to="t285" to-position="1" resolved="yes">
      <change idref="t308" attribute="noEarlierThanConstraintDate" type="date" to="2013-12-13T16:00:00.000Z"/>
      <change idref="t308" attribute="resourceLeveledDate" type="date" to="2013-12-13T16:00:00.000Z"/>
      <change idref="t308" attribute="title" type="string" to="Procurement"/>
    </change>
    <change idref="t309" to="t285" to-position="2" resolved="yes">
      <change idref="t309" attribute="noEarlierThanConstraintDate" type="date" to="2013-12-13T16:00:00.000Z"/>
      <change idref="t309" attribute="resourceLeveledDate" type="date" to="2013-12-13T16:00:00.000Z"/>
      <change idref="t309" attribute="title" type="string" to="Assembly"/>
    </change>
    <change idref="t310" to="t285" to-position="3" resolved="yes">
      <change idref="t310" attribute="noEarlierThanConstraintDate" type="date" to="2013-12-13T16:00:00.000Z"/>
      <change idref="t310" attribute="resourceLeveledDate" type="date" to="2013-12-13T16:00:00.000Z"/>
      <change idref="t310" attribute="title" type="string" to="Testing"/>
    </change>
    <change idref="t313" to="t312" to-position="0" resolved="yes">
      <change idref="t313" attribute="noEarlierThanConstraintDate" type="date" to="2013-12-13T16:00:00.000Z"/>
      <change idref="t313" attribute="resourceLeveledDate" type="date" to="2013-12-13T16:00:00.000Z"/>
      <change idref="t313" attribute="title" type="string" to="Design"/>
    </change>
    <change idref="t314" to="t312" to-position="1" resolved="yes">
      <change idref="t314" attribute="noEarlierThanConstraintDate" type="date" to="2013-12-13T16:00:00.000Z"/>
      <change idref="t314" attribute="resourceLeveledDate" type="date" to="2013-12-13T16:00:00.000Z"/>
      <change idref="t314" attribute="title" type="string" to="Procurement"/>
    </change>
    <change idref="t315" to="t312" to-position="2" resolved="yes">
      <change idref="t315" attribute="noEarlierThanConstraintDate" type="date" to="2013-12-13T16:00:00.000Z"/>
      <change idref="t315" attribute="resourceLeveledDate" type="date" to="2013-12-13T16:00:00.000Z"/>
      <change idref="t315" attribute="title" type="string" to="Assembly"/>
    </change>
    <change idref="t316" to="t312" to-position="3" resolved="yes">
      <change idref="t316" attribute="noEarlierThanConstraintDate" type="date" to="2013-12-13T16:00:00.000Z"/>
      <change idref="t316" attribute="resourceLeveledDate" type="date" to="2013-12-13T16:00:00.000Z"/>
      <change idref="t316" attribute="title" type="string" to="Testing"/>
    </change>
    <change idref="t318" to="t317" to-position="0" resolved="yes">
      <change idref="t318" attribute="noEarlierThanConstraintDate" type="date" to="2013-12-13T16:00:00.000Z"/>
      <change idref="t318" attribute="resourceLeveledDate" type="date" to="2013-12-13T16:00:00.000Z"/>
      <change idref="t318" attribute="title" type="string" to="Design"/>
    </change>
    <change idref="t319" to="t317" to-position="1" resolved="yes">
      <change idref="t319" attribute="noEarlierThanConstraintDate" type="date" to="2013-12-13T16:00:00.000Z"/>
      <change idref="t319" attribute="resourceLeveledDate" type="date" to="2013-12-13T16:00:00.000Z"/>
      <change idref="t319" attribute="title" type="string" to="Procurement"/>
    </change>
    <change idref="t320" to="t317" to-position="2" resolved="yes">
      <change idref="t320" attribute="noEarlierThanConstraintDate" type="date" to="2013-12-13T16:00:00.000Z"/>
      <change idref="t320" attribute="resourceLeveledDate" type="date" to="2013-12-13T16:00:00.000Z"/>
      <change idref="t320" attribute="title" type="string" to="Assembly"/>
    </change>
    <change idref="t321" to="t317" to-position="3" resolved="yes">
      <change idref="t321" attribute="noEarlierThanConstraintDate" type="date" to="2013-12-13T16:00:00.000Z"/>
      <change idref="t321" attribute="resourceLeveledDate" type="date" to="2013-12-13T16:00:00.000Z"/>
      <change idref="t321" attribute="title" type="string" to="Testing"/>
    </change>
    <change idref="t331" to="t330" to-position="0" resolved="yes">
      <change idref="t331" attribute="noEarlierThanConstraintDate" type="date" to="2013-12-13T16:00:00.000Z"/>
      <change idref="t331" attribute="resourceLeveledDate" type="date" to="2013-12-13T16:00:00.000Z"/>
      <change idref="t331" attribute="title" type="string" to="Design"/>
    </change>
    <change idref="t332" to="t330" to-position="1" resolved="yes">
      <change idref="t332" attribute="noEarlierThanConstraintDate" type="date" to="2013-12-13T16:00:00.000Z"/>
      <change idref="t332" attribute="resourceLeveledDate" type="date" to="2013-12-13T16:00:00.000Z"/>
      <change idref="t332" attribute="title" type="string" to="Procurement"/>
    </change>
    <change idref="t333" to="t330" to-position="2" resolved="yes">
      <change idref="t333" attribute="noEarlierThanConstraintDate" type="date" to="2013-12-13T16:00:00.000Z"/>
      <change idref="t333" attribute="resourceLeveledDate" type="date" to="2013-12-13T16:00:00.000Z"/>
      <change idref="t333" attribute="title" type="string" to="Assembly"/>
    </change>
    <change idref="t334" to="t330" to-position="3" resolved="yes">
      <change idref="t334" attribute="noEarlierThanConstraintDate" type="date" to="2013-12-13T16:00:00.000Z"/>
      <change idref="t334" attribute="resourceLeveledDate" type="date" to="2013-12-13T16:00:00.000Z"/>
      <change idref="t334" attribute="title" type="string" to="Testing"/>
    </change>
    <change idref="t338" to="t337" to-position="0" resolved="yes">
      <change idref="t338" attribute="noEarlierThanConstraintDate" type="date" to="2013-12-13T16:00:00.000Z"/>
      <change idref="t338" attribute="resourceLeveledDate" type="date" to="2013-12-13T16:00:00.000Z"/>
      <change idref="t338" attribute="title" type="string" to="Design"/>
    </change>
    <change idref="t339" to="t337" to-position="1" resolved="yes">
      <change idref="t339" attribute="noEarlierThanConstraintDate" type="date" to="2013-12-13T16:00:00.000Z"/>
      <change idref="t339" attribute="resourceLeveledDate" type="date" to="2013-12-13T16:00:00.000Z"/>
      <change idref="t339" attribute="title" type="string" to="Procurement"/>
    </change>
    <change idref="t340" to="t337" to-position="2" resolved="yes">
      <change idref="t340" attribute="noEarlierThanConstraintDate" type="date" to="2013-12-13T16:00:00.000Z"/>
      <change idref="t340" attribute="resourceLeveledDate" type="date" to="2013-12-13T16:00:00.000Z"/>
      <change idref="t340" attribute="title" type="string" to="Assembly"/>
    </change>
    <change idref="t341" to="t337" to-position="3" resolved="yes">
      <change idref="t341" attribute="noEarlierThanConstraintDate" type="date" to="2013-12-13T16:00:00.000Z"/>
      <change idref="t341" attribute="resourceLeveledDate" type="date" to="2013-12-13T16:00:00.000Z"/>
      <change idref="t341" attribute="title" type="string" to="Testing"/>
    </change>
    <change idref="t29" from="t25" from-position="2" to="t272" to-position="0" resolved="yes"/>
    <change idref="t274" to="t272" to-position="1" resolved="yes">
      <change idref="t274" attribute="isGroup" type="real" from="0" to="1"/>
      <change idref="t274" attribute="noEarlierThanConstraintDate" type="date" to="2013-12-13T16:00:00.000Z"/>
      <change idref="t274" attribute="taskType" type="real" from="0" to="2"/>
      <change idref="t274" attribute="title" type="string" to="FE Boards"/>
    </change>
    <change idref="t280" to="t272" to-position="2" resolved="yes">
      <change idref="t280" attribute="isGroup" type="real" from="0" to="1"/>
      <change idref="t280" attribute="noEarlierThanConstraintDate" type="date" to="2013-12-13T16:00:00.000Z"/>
      <change idref="t280" attribute="taskType" type="real" from="0" to="2"/>
      <change idref="t280" attribute="title" type="string" to="L4-L6 Pigtails"/>
    </change>
    <change idref="t281" to="t272" to-position="3" resolved="yes">
      <change idref="t281" attribute="isGroup" type="real" from="0" to="1"/>
      <change idref="t281" attribute="noEarlierThanConstraintDate" type="date" to="2013-12-13T16:00:00.000Z"/>
      <change idref="t281" attribute="taskType" type="real" from="0" to="2"/>
      <change idref="t281" attribute="title" type="string" to="L4-L6 Aggregator Cables"/>
    </change>
    <change idref="t282" to="t272" to-position="4" resolved="yes">
      <change idref="t282" attribute="isGroup" type="real" from="0" to="1"/>
      <change idref="t282" attribute="noEarlierThanConstraintDate" type="date" to="2013-12-13T16:00:00.000Z"/>
      <change idref="t282" attribute="taskType" type="real" from="0" to="2"/>
      <change idref="t282" attribute="title" type="string" to="L4-L6 FEB Cables"/>
    </change>
    <change idref="t283" to="t272" to-position="5" resolved="yes">
      <change idref="t283" attribute="isGroup" type="real" from="0" to="1"/>
      <change idref="t283" attribute="noEarlierThanConstraintDate" type="date" to="2013-12-13T16:00:00.000Z"/>
      <change idref="t283" attribute="taskType" type="real" from="0" to="2"/>
      <change idref="t283" attribute="title" type="string" to="L1-L3 Aggregator Cables"/>
    </change>
    <change idref="t284" to="t272" to-position="6" resolved="yes">
      <change idref="t284" attribute="isGroup" type="real" from="0" to="1"/>
      <change idref="t284" attribute="noEarlierThanConstraintDate" type="date" to="2013-12-13T16:00:00.000Z"/>
      <change idref="t284" attribute="taskType" type="real" from="0" to="2"/>
      <change idref="t284" attribute="title" type="string" to="L1-L3 FEB Cables"/>
    </change>
    <change idref="t285" to="t272" to-position="7" resolved="yes">
      <change idref="t285" attribute="isGroup" type="real" from="0" to="1"/>
      <change idref="t285" attribute="noEarlierThanConstraintDate" type="date" to="2013-12-13T16:00:00.000Z"/>
      <change idref="t285" attribute="taskType" type="real" from="0" to="2"/>
      <change idref="t285" attribute="title" type="string" to="FEB power mezzanine boards"/>
    </change>
    <change idref="t330" to="t272" to-position="8" resolved="yes">
      <change idref="t330" attribute="isGroup" type="real" from="0" to="1"/>
      <change idref="t330" attribute="noEarlierThanConstraintDate" type="date" to="2013-12-13T16:00:00.000Z"/>
      <change idref="t330" attribute="taskType" type="real" from="0" to="2"/>
      <change idref="t330" attribute="title" type="string" to="Data Flange Boards"/>
    </change>
    <change idref="t337" to="t272" to-position="9" resolved="yes">
      <change idref="t337" attribute="isGroup" type="real" from="0" to="1"/>
      <change idref="t337" attribute="noEarlierThanConstraintDate" type="date" to="2013-12-13T16:00:00.000Z"/>
      <change idref="t337" attribute="taskType" type="real" from="0" to="2"/>
      <change idref="t337" attribute="title" type="string" to="Power Flange Boards"/>
    </change>
    <change idref="t312" to="t272" to-position="10" resolved="yes">
      <change idref="t312" attribute="isGroup" type="real" from="0" to="1"/>
      <change idref="t312" attribute="noEarlierThanConstraintDate" type="date" to="2013-12-13T16:00:00.000Z"/>
      <change idref="t312" attribute="taskType" type="real" from="0" to="2"/>
      <change idref="t312" attribute="title" type="string" to="RTM Trigger Board"/>
    </change>
    <change idref="t317" to="t272" to-position="11" resolved="yes">
      <change idref="t317" attribute="isGroup" type="real" from="0" to="1"/>
      <change idref="t317" attribute="noEarlierThanConstraintDate" type="date" to="2013-12-13T16:00:00.000Z"/>
      <change idref="t317" attribute="taskType" type="real" from="0" to="2"/>
      <change idref="t317" attribute="title" type="string" to="RCE DAQ"/>
    </change>
    <change idref="t322" to="t272" to-position="12" resolved="yes">
      <change idref="t322" attribute="isGroup" type="real" from="0" to="1"/>
      <change idref="t322" attribute="noEarlierThanConstraintDate" type="date" to="2013-12-13T16:00:00.000Z"/>
      <change idref="t322" attribute="taskType" type="real" from="0" to="2"/>
      <change idref="t322" attribute="title" type="string" to="DAQ Integration"/>
    </change>
  </task-change-set>
  <task-change-set user="Tim Nelson" date="2013-12-13T21:36:57.636Z" timestamp="2013-12-13T21:36:57.636Z">
    <change idref="t272" from="t-1" from-position="1">
      <change idref="t272" attribute="isGroup" type="real" from="0" to="1"/>
      <change idref="t272" attribute="noEarlierThanConstraintDate" type="date" to="2013-12-13T16:00:00.000Z"/>
      <change idref="t272" attribute="taskType" type="real" from="0" to="2"/>
      <change idref="t272" attribute="title" type="string" to="SVT DAQ"/>
    </change>
    <change idref="t21" attribute="resourceLeveledDate" type="date" from="2014-10-03T15:00:00.000Z" to="2014-05-26T15:00:00.000Z"/>
    <change idref="t29" from="t272" from-position="0" to="t25" to-position="2"/>
    <change idref="t29" attribute="title" type="string" from="L4-6 Hybrids" to="Hybrids"/>
    <change idref="t46" attribute="resourceLeveledDate" type="date" from="2014-10-17T15:00:00.000Z" to="2014-06-09T15:00:00.000Z"/>
    <change idref="t59" attribute="resourceLeveledDate" type="date" from="2014-06-13T15:00:00.000Z" to="2014-03-17T15:00:00.000Z"/>
    <change idref="t62" attribute="resourceLeveledDate" type="date" from="2014-11-14T16:00:00.000Z" to="2014-07-07T15:00:00.000Z"/>
    <change idref="t63" attribute="resourceLeveledDate" type="date" from="2014-11-28T16:00:00.000Z" to="2014-07-21T15:00:00.000Z"/>
    <change idref="t64" attribute="resourceLeveledDate" type="date" from="2014-12-26T16:00:00.000Z" to="2014-08-18T15:00:00.000Z"/>
    <change idref="t84" attribute="resourceLeveledDate" type="date" from="2013-12-13T16:00:00.000Z" to="2013-08-05T15:00:00.000Z"/>
    <change idref="t85" attribute="resourceLeveledDate" type="date" from="2014-02-07T16:00:00.000Z" to="2013-09-30T15:00:00.000Z"/>
    <change idref="t86" attribute="resourceLeveledDate" type="date" from="2014-02-21T16:00:00.000Z" to="2013-10-14T15:00:00.000Z"/>
    <change idref="t87" attribute="resourceLeveledDate" type="date" from="2014-03-07T16:00:00.000Z" to="2013-10-28T15:00:00.000Z"/>
    <change idref="t88" attribute="resourceLeveledDate" type="date" from="2014-04-04T15:00:00.000Z" to="2013-11-25T16:00:00.000Z"/>
    <change idref="t103" attribute="resourceLeveledDate" type="date" from="2014-02-07T16:00:00.000Z" to="2013-11-11T16:00:00.000Z"/>
    <change idref="t104" attribute="resourceLeveledDate" type="date" from="2014-04-04T15:00:00.000Z" to="2014-01-06T16:00:00.000Z"/>
    <change idref="t105" attribute="resourceLeveledDate" type="date" from="2014-04-18T15:00:00.000Z" to="2014-01-20T16:00:00.000Z"/>
    <change idref="t106" attribute="resourceLeveledDate" type="date" from="2014-05-16T15:00:00.000Z" to="2014-02-17T16:00:00.000Z"/>
    <change idref="t107" attribute="resourceLeveledDate" type="date" from="2014-05-30T15:00:00.000Z" to="2014-03-03T16:00:00.000Z"/>
    <change idref="t108" attribute="resourceLeveledDate" type="date" from="2014-02-07T16:00:00.000Z" to="2013-11-11T16:00:00.000Z"/>
    <change idref="t109" attribute="resourceLeveledDate" type="date" from="2014-04-04T15:00:00.000Z" to="2014-01-06T16:00:00.000Z"/>
    <change idref="t110" attribute="resourceLeveledDate" type="date" from="2014-04-18T15:00:00.000Z" to="2014-01-20T16:00:00.000Z"/>
    <change idref="t111" attribute="resourceLeveledDate" type="date" from="2014-05-16T15:00:00.000Z" to="2014-02-17T16:00:00.000Z"/>
    <change idref="t112" attribute="resourceLeveledDate" type="date" from="2014-05-30T15:00:00.000Z" to="2014-03-03T16:00:00.000Z"/>
    <change idref="t124" attribute="resourceLeveledDate" type="date" from="2014-04-04T15:00:00.000Z" to="2014-01-06T16:00:00.000Z"/>
    <change idref="t125" attribute="resourceLeveledDate" type="date" from="2014-05-02T15:00:00.000Z" to="2014-02-03T16:00:00.000Z"/>
    <change idref="t126" attribute="effort" type="real" from="864000" to="1728000"/>
    <change idref="t126" attribute="resourceLeveledDate" type="date" from="2014-06-27T15:00:00.000Z" to="2014-03-31T15:00:00.000Z"/>
    <change idref="t127" attribute="resourceLeveledDate" type="date" from="2014-08-08T15:00:00.000Z" to="2014-06-23T15:00:00.000Z"/>
    <change idref="t128" attribute="resourceLeveledDate" type="date" from="2014-09-05T15:00:00.000Z" to="2014-07-21T15:00:00.000Z"/>
    <change idref="t143" attribute="resourceLeveledDate" type="date" from="2014-06-27T15:00:00.000Z" to="2014-03-31T15:00:00.000Z"/>
    <change idref="t148" attribute="resourceLeveledDate" type="date" from="2014-05-30T00:00:00.000Z" to="2014-01-18T01:00:00.000Z"/>
    <change idref="t149" attribute="resourceLeveledDate" type="date" from="2014-07-11T00:00:00.000Z" to="2014-03-01T01:00:00.000Z"/>
    <change idref="t150" attribute="resourceLeveledDate" type="date" from="2014-10-03T00:00:00.000Z" to="2014-05-24T00:00:00.000Z"/>
    <change idref="t159" attribute="resourceLeveledDate" type="date" from="2014-07-11T00:00:00.000Z" to="2014-04-12T00:00:00.000Z"/>
    <change idref="t160" attribute="resourceLeveledDate" type="date" from="2014-10-03T00:00:00.000Z" to="2014-08-16T00:00:00.000Z"/>
    <change idref="t161" attribute="internalPrerequisitesString" type="string" from="46FS, 128FS" to="46FS"/>
    <change idref="t161" attribute="resourceLeveledDate" type="date" from="2014-11-14T01:00:00.000Z" to="2014-07-05T00:00:00.000Z"/>
    <change idref="t162" attribute="resourceLeveledDate" type="date" from="2015-01-02T01:00:00.000Z" to="2014-08-23T00:00:00.000Z"/>
    <change idref="t192" attribute="resourceLeveledDate" type="date" from="2014-09-05T00:00:00.000Z" to="2014-04-26T00:00:00.000Z"/>
    <change idref="t200" attribute="resourceLeveledDate" type="date" from="2014-02-07T16:00:00.000Z" to="2013-09-30T15:00:00.000Z"/>
    <change idref="t201" attribute="resourceLeveledDate" type="date" from="2014-02-07T16:00:00.000Z" to="2013-09-30T15:00:00.000Z"/>
    <change idref="t202" attribute="resourceLeveledDate" type="date" from="2014-02-07T16:00:00.000Z" to="2013-09-30T15:00:00.000Z"/>
    <change idref="t204" attribute="resourceLeveledDate" type="date" from="2013-12-13T16:00:00.000Z" to="2013-08-05T15:00:00.000Z"/>
    <change idref="t205" attribute="resourceLeveledDate" type="date" from="2014-02-21T16:00:00.000Z" to="2013-10-14T15:00:00.000Z"/>
    <change idref="t206" attribute="resourceLeveledDate" type="date" from="2014-03-07T16:00:00.000Z" to="2013-10-28T15:00:00.000Z"/>
    <change idref="t207" attribute="resourceLeveledDate" type="date" from="2014-03-07T16:00:00.000Z" to="2013-10-28T15:00:00.000Z"/>
    <change idref="t209" attribute="resourceLeveledDate" type="date" from="2014-04-18T15:00:00.000Z" to="2013-12-09T16:00:00.000Z"/>
    <change idref="t210" attribute="resourceLeveledDate" type="date" from="2014-04-18T15:00:00.000Z" to="2013-12-09T16:00:00.000Z"/>
    <change idref="t211" attribute="resourceLeveledDate" type="date" from="2014-04-18T15:00:00.000Z" to="2013-12-09T16:00:00.000Z"/>
    <change idref="t216" attribute="resourceLeveledDate" type="date" from="2013-11-15T16:00:00.000Z" to="2013-07-08T15:00:00.000Z"/>
    <change idref="t217" attribute="resourceLeveledDate" type="date" from="2014-02-07T16:00:00.000Z" to="2013-09-30T15:00:00.000Z"/>
    <change idref="t218" attribute="resourceLeveledDate" type="date" from="2014-02-07T16:00:00.000Z" to="2013-10-01T15:00:00.000Z"/>
    <change idref="t232" attribute="resourceLeveledDate" type="date" from="2014-04-04T15:00:00.000Z" to="2013-11-25T16:00:00.000Z"/>
    <change idref="t247" attribute="resourceLeveledDate" type="date" from="2013-12-13T16:00:00.000Z" to="2013-08-05T15:00:00.000Z"/>
    <change idref="t248" attribute="resourceLeveledDate" type="date" from="2014-01-24T16:00:00.000Z" to="2013-09-16T15:00:00.000Z"/>
    <change idref="t249" attribute="resourceLeveledDate" type="date" from="2014-02-07T16:00:00.000Z" to="2013-10-01T15:00:00.000Z"/>
    <change idref="t250" attribute="resourceLeveledDate" type="date" from="2014-03-07T16:00:00.000Z" to="2013-10-29T15:00:00.000Z"/>
    <change idref="t251" attribute="resourceLeveledDate" type="date" from="2014-05-30T15:00:00.000Z" to="2014-01-20T16:00:00.000Z"/>
    <change idref="t252" attribute="resourceLeveledDate" type="date" from="2014-05-30T15:00:00.000Z" to="2014-01-20T16:00:00.000Z"/>
    <change idref="t253" attribute="resourceLeveledDate" type="date" from="2014-06-27T15:00:00.000Z" to="2014-02-17T16:00:00.000Z"/>
    <change idref="t254" attribute="resourceLeveledDate" type="date" from="2014-09-05T15:00:00.000Z" to="2014-04-28T15:00:00.000Z"/>
    <change idref="t256" attribute="resourceLeveledDate" type="date" from="2014-09-19T15:00:00.000Z" to="2014-05-12T15:00:00.000Z"/>
    <change idref="t266" attribute="resourceLeveledDate" type="date" from="2013-11-15T16:00:00.000Z" to="2013-07-08T15:00:00.000Z"/>
    <change idref="t267" attribute="resourceLeveledDate" type="date" from="2014-02-07T16:00:00.000Z" to="2013-10-01T15:00:00.000Z"/>
    <change idref="t268" attribute="resourceLeveledDate" type="date" from="2014-03-07T16:00:00.000Z" to="2013-10-29T15:00:00.000Z"/>
    <change idref="t269" attribute="resourceLeveledDate" type="date" from="2014-07-11T15:00:00.000Z" to="2014-03-03T16:00:00.000Z"/>
    <change idref="t270" attribute="resourceLeveledDate" type="date" from="2014-07-25T15:00:00.000Z" to="2014-03-17T15:00:00.000Z"/>
    <change idref="t271" attribute="resourceLeveledDate" type="date" from="2014-07-25T15:00:00.000Z" to="2014-03-17T15:00:00.000Z"/>
  </task-change-set>
  <task-change-set user="Tim Nelson" date="2013-12-13T23:45:48.101Z" timestamp="2013-12-13T23:45:48.101Z">
    <change idref="t342" to="t-1" to-position="1" resolved="yes">
      <change idref="t342" attribute="isGroup" type="real" from="0" to="1"/>
      <change idref="t342" attribute="noLaterThanConstrainedTaskEnd" type="real" from="1" to="0"/>
      <change idref="t342" attribute="taskType" type="real" from="0" to="2"/>
      <change idref="t342" attribute="title" type="string" to="SVT DAQ"/>
    </change>
    <change idref="t29" from="t25" from-position="2" to="t342" to-position="0" resolved="yes"/>
    <change idref="t344" to="t342" to-position="1" resurrection="yes" resolved="yes">
      <change idref="t344" attribute="isGroup" type="real" from="0" to="1"/>
      <change idref="t344" attribute="noLaterThanConstrainedTaskEnd" type="real" from="1" to="0"/>
      <change idref="t344" attribute="taskType" type="real" from="0" to="2"/>
      <change idref="t344" attribute="title" type="string" to="FE Boards"/>
    </change>
    <change idref="t345" to="t342" to-position="2" resurrection="yes" resolved="yes">
      <change idref="t345" attribute="isGroup" type="real" from="0" to="1"/>
      <change idref="t345" attribute="noLaterThanConstrainedTaskEnd" type="real" from="1" to="0"/>
      <change idref="t345" attribute="taskType" type="real" from="0" to="2"/>
      <change idref="t345" attribute="title" type="string" to="Cables"/>
    </change>
    <change idref="t346" to="t342" to-position="3" resurrection="yes" resolved="yes">
      <change idref="t346" attribute="isGroup" type="real" from="0" to="1"/>
      <change idref="t346" attribute="noLaterThanConstrainedTaskEnd" type="real" from="1" to="0"/>
      <change idref="t346" attribute="taskType" type="real" from="0" to="2"/>
      <change idref="t346" attribute="title" type="string" to="RCE DAQ"/>
    </change>
    <change idref="t347" to="t342" to-position="4" resurrection="yes" resolved="yes">
      <change idref="t347" attribute="isGroup" type="real" from="0" to="1"/>
      <change idref="t347" attribute="noLaterThanConstrainedTaskEnd" type="real" from="1" to="0"/>
      <change idref="t347" attribute="taskType" type="real" from="0" to="2"/>
      <change idref="t347" attribute="title" type="string" to="Flange Boards"/>
    </change>
    <change idref="t348" to="t342" to-position="5" resurrection="yes" resolved="yes">
      <change idref="t348" attribute="isGroup" type="real" from="0" to="1"/>
      <change idref="t348" attribute="noLaterThanConstrainedTaskEnd" type="real" from="1" to="0"/>
      <change idref="t348" attribute="taskType" type="real" from="0" to="2"/>
      <change idref="t348" attribute="title" type="string" to="Integration"/>
    </change>
    <change idref="t349" to="t344" to-position="0" resurrection="yes" resolved="yes">
      <change idref="t349" attribute="effort" type="real" from="28800" to="864000"/>
      <change idref="t349" attribute="noLaterThanConstrainedTaskEnd" type="real" from="1" to="0"/>
      <change idref="t349" attribute="resourceLeveledDate" type="date" to="2012-12-10T16:00:00.000Z"/>
      <change idref="t349" attribute="title" type="string" to="Design"/>
    </change>
    <change idref="t350" to="t344" to-position="1" resurrection="yes" resolved="yes">
      <change idref="t350" attribute="effort" type="real" from="28800" to="144000"/>
      <change idref="t350" attribute="internalPrerequisitesString" type="string" to="349FS"/>
      <change idref="t350" attribute="noLaterThanConstrainedTaskEnd" type="real" from="1" to="0"/>
      <change idref="t350" attribute="resourceLeveledDate" type="date" to="2013-01-21T16:00:00.000Z"/>
      <change idref="t350" attribute="title" type="string" to="Procurement"/>
    </change>
    <change idref="t352" to="t344" to-position="2" resurrection="yes" resolved="yes">
      <change idref="t352" attribute="effort" type="real" from="28800" to="144000"/>
      <change idref="t352" attribute="internalPrerequisitesString" type="string" to="350FS"/>
      <change idref="t352" attribute="noLaterThanConstrainedTaskEnd" type="real" from="1" to="0"/>
      <change idref="t352" attribute="resourceLeveledDate" type="date" to="2013-01-28T16:00:00.000Z"/>
      <change idref="t352" attribute="title" type="string" to="Assembly"/>
    </change>
    <change idref="t411" to="t344" to-position="3" resurrection="yes" resolved="yes">
      <change idref="t411" attribute="effort" type="real" from="28800" to="576000"/>
      <change idref="t411" attribute="noLaterThanConstrainedTaskEnd" type="real" from="1" to="0"/>
      <change idref="t411" attribute="resourceLeveledDate" type="date" to="2012-12-10T16:00:00.000Z"/>
      <change idref="t411" attribute="title" type="string" to="Firmware"/>
    </change>
    <change idref="t353" to="t344" to-position="4" resurrection="yes" resolved="yes">
      <change idref="t353" attribute="effort" type="real" from="28800" to="144000"/>
      <change idref="t353" attribute="internalPrerequisitesString" type="string" to="352FS, 411FS"/>
      <change idref="t353" attribute="noLaterThanConstrainedTaskEnd" type="real" from="1" to="0"/>
      <change idref="t353" attribute="resourceLeveledDate" type="date" to="2013-02-04T16:00:00.000Z"/>
      <change idref="t353" attribute="title" type="string" to="Testing"/>
    </change>
    <change idref="t354" to="t345" to-position="0" resurrection="yes" resolved="yes">
      <change idref="t354" attribute="isGroup" type="real" from="0" to="1"/>
      <change idref="t354" attribute="taskType" type="real" from="0" to="2"/>
      <change idref="t354" attribute="title" type="string" to="L1-L3 Aggregators"/>
    </change>
    <change idref="t355" to="t345" to-position="1" resurrection="yes" resolved="yes">
      <change idref="t355" attribute="isGroup" type="real" from="0" to="1"/>
      <change idref="t355" attribute="taskType" type="real" from="0" to="2"/>
      <change idref="t355" attribute="title" type="string" to="L1-L3 FEB Cables"/>
    </change>
    <change idref="t356" to="t345" to-position="2" resurrection="yes" resolved="yes">
      <change idref="t356" attribute="isGroup" type="real" from="0" to="1"/>
      <change idref="t356" attribute="taskType" type="real" from="0" to="2"/>
      <change idref="t356" attribute="title" type="string" to="L4-L6 Aggregators"/>
    </change>
    <change idref="t357" to="t345" to-position="3" resurrection="yes" resolved="yes">
      <change idref="t357" attribute="isGroup" type="real" from="0" to="1"/>
      <change idref="t357" attribute="taskType" type="real" from="0" to="2"/>
      <change idref="t357" attribute="title" type="string" to="L4-L6 FEB Cables"/>
    </change>
    <change idref="t358" to="t345" to-position="4" resurrection="yes" resolved="yes">
      <change idref="t358" attribute="isGroup" type="real" from="0" to="1"/>
      <change idref="t358" attribute="taskType" type="real" from="0" to="2"/>
      <change idref="t358" attribute="title" type="string" to="FEB HV Cables"/>
    </change>
    <change idref="t359" to="t345" to-position="5" resurrection="yes" resolved="yes">
      <change idref="t359" attribute="isGroup" type="real" from="0" to="1"/>
      <change idref="t359" attribute="taskType" type="real" from="0" to="2"/>
      <change idref="t359" attribute="title" type="string" to="FEB LV Cables"/>
    </change>
    <change idref="t360" to="t345" to-position="6" resurrection="yes" resolved="yes">
      <change idref="t360" attribute="isGroup" type="real" from="0" to="1"/>
      <change idref="t360" attribute="taskType" type="real" from="0" to="2"/>
      <change idref="t360" attribute="title" type="string" to="FEB Data Cables"/>
    </change>
    <change idref="t361" to="t346" to-position="0" resurrection="yes" resolved="yes">
      <change idref="t361" attribute="isGroup" type="real" from="0" to="1"/>
      <change idref="t361" attribute="taskType" type="real" from="0" to="2"/>
      <change idref="t361" attribute="title" type="string" to="RCE Nodes"/>
    </change>
    <change idref="t362" to="t346" to-position="1" resurrection="yes" resolved="yes">
      <change idref="t362" attribute="isGroup" type="real" from="0" to="1"/>
      <change idref="t362" attribute="taskType" type="real" from="0" to="2"/>
      <change idref="t362" attribute="title" type="string" to="Trigger RTM"/>
    </change>
    <change idref="t407" to="t347" to-position="0" resurrection="yes" resolved="yes">
      <change idref="t407" attribute="effort" type="real" from="28800" to="288000"/>
      <change idref="t407" attribute="resourceLeveledDate" type="date" to="2012-12-10T16:00:00.000Z"/>
      <change idref="t407" attribute="title" type="string" to="Design"/>
    </change>
    <change idref="t408" to="t347" to-position="1" resurrection="yes" resolved="yes">
      <change idref="t408" attribute="effort" type="real" from="28800" to="144000"/>
      <change idref="t408" attribute="resourceLeveledDate" type="date" to="2012-12-10T16:00:00.000Z"/>
      <change idref="t408" attribute="title" type="string" to="Procurement"/>
    </change>
    <change idref="t409" to="t347" to-position="2" resurrection="yes" resolved="yes">
      <change idref="t409" attribute="effort" type="real" from="28800" to="288000"/>
      <change idref="t409" attribute="resourceLeveledDate" type="date" to="2012-12-10T16:00:00.000Z"/>
      <change idref="t409" attribute="title" type="string" to="Assembly"/>
    </change>
    <change idref="t410" to="t347" to-position="3" resurrection="yes" resolved="yes">
      <change idref="t410" attribute="effort" type="real" from="28800" to="144000"/>
      <change idref="t410" attribute="resourceLeveledDate" type="date" to="2012-12-10T16:00:00.000Z"/>
      <change idref="t410" attribute="title" type="string" to="Testing"/>
    </change>
    <change idref="t402" to="t348" to-position="0" resurrection="yes" resolved="yes">
      <change idref="t402" attribute="resourceLeveledDate" type="date" to="2012-12-10T16:00:00.000Z"/>
      <change idref="t402" attribute="title" type="string" to="Assembly"/>
    </change>
    <change idref="t404" to="t348" to-position="1" resurrection="yes" resolved="yes">
      <change idref="t404" attribute="resourceLeveledDate" type="date" to="2012-12-10T16:00:00.000Z"/>
      <change idref="t404" attribute="title" type="string" to="Testing"/>
    </change>
    <change idref="t372" to="t354" to-position="0" resurrection="yes" resolved="yes">
      <change idref="t372" attribute="effort" type="real" from="28800" to="432000"/>
      <change idref="t372" attribute="resourceLeveledDate" type="date" to="2012-12-10T16:00:00.000Z"/>
      <change idref="t372" attribute="title" type="string" to="Design"/>
    </change>
    <change idref="t373" to="t354" to-position="1" resurrection="yes" resolved="yes">
      <change idref="t373" attribute="effort" type="real" from="28800" to="144000"/>
      <change idref="t373" attribute="internalPrerequisitesString" type="string" to="372FS"/>
      <change idref="t373" attribute="resourceLeveledDate" type="date" to="2012-12-31T16:00:00.000Z"/>
      <change idref="t373" attribute="title" type="string" to="Procurement"/>
    </change>
    <change idref="t375" to="t354" to-position="2" resurrection="yes" resolved="yes">
      <change idref="t375" attribute="effort" type="real" from="28800" to="144000"/>
      <change idref="t375" attribute="internalPrerequisitesString" type="string" to="373FS"/>
      <change idref="t375" attribute="resourceLeveledDate" type="date" to="2013-01-07T16:00:00.000Z"/>
      <change idref="t375" attribute="title" type="string" to="Assembly"/>
    </change>
    <change idref="t376" to="t354" to-position="3" resurrection="yes" resolved="yes">
      <change idref="t376" attribute="effort" type="real" from="28800" to="144000"/>
      <change idref="t376" attribute="internalPrerequisitesString" type="string" to="375FS"/>
      <change idref="t376" attribute="resourceLeveledDate" type="date" to="2013-01-14T16:00:00.000Z"/>
      <change idref="t376" attribute="title" type="string" to="Testing"/>
    </change>
    <change idref="t378" to="t355" to-position="0" resurrection="yes" resolved="yes">
      <change idref="t378" attribute="effort" type="real" from="28800" to="432000"/>
      <change idref="t378" attribute="resourceLeveledDate" type="date" to="2012-12-10T16:00:00.000Z"/>
      <change idref="t378" attribute="title" type="string" to="Design"/>
    </change>
    <change idref="t379" to="t355" to-position="1" resurrection="yes" resolved="yes">
      <change idref="t379" attribute="effort" type="real" from="28800" to="144000"/>
      <change idref="t379" attribute="internalPrerequisitesString" type="string" to="378FS"/>
      <change idref="t379" attribute="resourceLeveledDate" type="date" to="2012-12-31T16:00:00.000Z"/>
      <change idref="t379" attribute="title" type="string" to="Procurement"/>
    </change>
    <change idref="t380" to="t355" to-position="2" resurrection="yes" resolved="yes">
      <change idref="t380" attribute="effort" type="real" from="28800" to="144000"/>
      <change idref="t380" attribute="internalPrerequisitesString" type="string" to="379FS"/>
      <change idref="t380" attribute="resourceLeveledDate" type="date" to="2013-01-07T16:00:00.000Z"/>
      <change idref="t380" attribute="title" type="string" to="Assembly"/>
    </change>
    <change idref="t381" to="t355" to-position="3" resurrection="yes" resolved="yes">
      <change idref="t381" attribute="effort" type="real" from="28800" to="144000"/>
      <change idref="t381" attribute="internalPrerequisitesString" type="string" to="380FS"/>
      <change idref="t381" attribute="resourceLeveledDate" type="date" to="2013-01-14T16:00:00.000Z"/>
      <change idref="t381" attribute="title" type="string" to="Testing"/>
    </change>
    <change idref="t382" to="t356" to-position="0" resurrection="yes" resolved="yes">
      <change idref="t382" attribute="effort" type="real" from="28800" to="432000"/>
      <change idref="t382" attribute="resourceLeveledDate" type="date" to="2012-12-10T16:00:00.000Z"/>
      <change idref="t382" attribute="title" type="string" to="Design"/>
    </change>
    <change idref="t383" to="t356" to-position="1" resurrection="yes" resolved="yes">
      <change idref="t383" attribute="effort" type="real" from="28800" to="144000"/>
      <change idref="t383" attribute="internalPrerequisitesString" type="string" to="382FS"/>
      <change idref="t383" attribute="resourceLeveledDate" type="date" to="2012-12-31T16:00:00.000Z"/>
      <change idref="t383" attribute="title" type="string" to="Procurement"/>
    </change>
    <change idref="t384" to="t356" to-position="2" resurrection="yes" resolved="yes">
      <change idref="t384" attribute="effort" type="real" from="28800" to="144000"/>
      <change idref="t384" attribute="internalPrerequisitesString" type="string" to="383FS"/>
      <change idref="t384" attribute="resourceLeveledDate" type="date" to="2013-01-07T16:00:00.000Z"/>
      <change idref="t384" attribute="title" type="string" to="Assembly"/>
    </change>
    <change idref="t385" to="t356" to-position="3" resurrection="yes" resolved="yes">
      <change idref="t385" attribute="effort" type="real" from="28800" to="144000"/>
      <change idref="t385" attribute="internalPrerequisitesString" type="string" to="384FS"/>
      <change idref="t385" attribute="resourceLeveledDate" type="date" to="2013-01-14T16:00:00.000Z"/>
      <change idref="t385" attribute="title" type="string" to="Testing"/>
    </change>
    <change idref="t386" to="t357" to-position="0" resurrection="yes" resolved="yes">
      <change idref="t386" attribute="effort" type="real" from="28800" to="432000"/>
      <change idref="t386" attribute="resourceLeveledDate" type="date" to="2012-12-10T16:00:00.000Z"/>
      <change idref="t386" attribute="title" type="string" to="Design"/>
    </change>
    <change idref="t387" to="t357" to-position="1" resurrection="yes" resolved="yes">
      <change idref="t387" attribute="effort" type="real" from="28800" to="144000"/>
      <change idref="t387" attribute="internalPrerequisitesString" type="string" to="386FS"/>
      <change idref="t387" attribute="resourceLeveledDate" type="date" to="2012-12-31T16:00:00.000Z"/>
      <change idref="t387" attribute="title" type="string" to="Procurement"/>
    </change>
    <change idref="t388" to="t357" to-position="2" resurrection="yes" resolved="yes">
      <change idref="t388" attribute="effort" type="real" from="28800" to="144000"/>
      <change idref="t388" attribute="internalPrerequisitesString" type="string" to="387FS"/>
      <change idref="t388" attribute="resourceLeveledDate" type="date" to="2013-01-07T16:00:00.000Z"/>
      <change idref="t388" attribute="title" type="string" to="Assembly"/>
    </change>
    <change idref="t389" to="t357" to-position="3" resurrection="yes" resolved="yes">
      <change idref="t389" attribute="effort" type="real" from="28800" to="144000"/>
      <change idref="t389" attribute="internalPrerequisitesString" type="string" to="388FS"/>
      <change idref="t389" attribute="resourceLeveledDate" type="date" to="2013-01-14T16:00:00.000Z"/>
      <change idref="t389" attribute="title" type="string" to="Testing"/>
    </change>
    <change idref="t390" to="t358" to-position="0" resurrection="yes" resolved="yes">
      <change idref="t390" attribute="effort" type="real" from="28800" to="432000"/>
      <change idref="t390" attribute="resourceLeveledDate" type="date" to="2012-12-10T16:00:00.000Z"/>
      <change idref="t390" attribute="title" type="string" to="Design"/>
    </change>
    <change idref="t391" to="t358" to-position="1" resurrection="yes" resolved="yes">
      <change idref="t391" attribute="effort" type="real" from="28800" to="144000"/>
      <change idref="t391" attribute="internalPrerequisitesString" type="string" to="390FS"/>
      <change idref="t391" attribute="resourceLeveledDate" type="date" to="2012-12-31T16:00:00.000Z"/>
      <change idref="t391" attribute="title" type="string" to="Procurement"/>
    </change>
    <change idref="t392" to="t358" to-position="2" resurrection="yes" resolved="yes">
      <change idref="t392" attribute="effort" type="real" from="28800" to="144000"/>
      <change idref="t392" attribute="internalPrerequisitesString" type="string" to="391FS"/>
      <change idref="t392" attribute="resourceLeveledDate" type="date" to="2013-01-07T16:00:00.000Z"/>
      <change idref="t392" attribute="title" type="string" to="Assembly"/>
    </change>
    <change idref="t393" to="t358" to-position="3" resurrection="yes" resolved="yes">
      <change idref="t393" attribute="effort" type="real" from="28800" to="144000"/>
      <change idref="t393" attribute="internalPrerequisitesString" type="string" to="392FS"/>
      <change idref="t393" attribute="resourceLeveledDate" type="date" to="2013-01-14T16:00:00.000Z"/>
      <change idref="t393" attribute="title" type="string" to="Testing"/>
    </change>
    <change idref="t394" to="t359" to-position="0" resurrection="yes" resolved="yes">
      <change idref="t394" attribute="effort" type="real" from="28800" to="432000"/>
      <change idref="t394" attribute="resourceLeveledDate" type="date" to="2012-12-10T16:00:00.000Z"/>
      <change idref="t394" attribute="title" type="string" to="Design"/>
    </change>
    <change idref="t395" to="t359" to-position="1" resurrection="yes" resolved="yes">
      <change idref="t395" attribute="effort" type="real" from="28800" to="144000"/>
      <change idref="t395" attribute="internalPrerequisitesString" type="string" to="394FS"/>
      <change idref="t395" attribute="resourceLeveledDate" type="date" to="2012-12-31T16:00:00.000Z"/>
      <change idref="t395" attribute="title" type="string" to="Procurement"/>
    </change>
    <change idref="t396" to="t359" to-position="2" resurrection="yes" resolved="yes">
      <change idref="t396" attribute="effort" type="real" from="28800" to="144000"/>
      <change idref="t396" attribute="internalPrerequisitesString" type="string" to="395FS"/>
      <change idref="t396" attribute="resourceLeveledDate" type="date" to="2013-01-07T16:00:00.000Z"/>
      <change idref="t396" attribute="title" type="string" to="Assembly"/>
    </change>
    <change idref="t397" to="t359" to-position="3" resurrection="yes" resolved="yes">
      <change idref="t397" attribute="effort" type="real" from="28800" to="144000"/>
      <change idref="t397" attribute="internalPrerequisitesString" type="string" to="396FS"/>
      <change idref="t397" attribute="resourceLeveledDate" type="date" to="2013-01-14T16:00:00.000Z"/>
      <change idref="t397" attribute="title" type="string" to="Testing"/>
    </change>
    <change idref="t398" to="t360" to-position="0" resurrection="yes" resolved="yes">
      <change idref="t398" attribute="effort" type="real" from="28800" to="144000"/>
      <change idref="t398" attribute="resourceLeveledDate" type="date" to="2012-12-10T16:00:00.000Z"/>
      <change idref="t398" attribute="title" type="string" to="Design"/>
    </change>
    <change idref="t399" to="t360" to-position="1" resurrection="yes" resolved="yes">
      <change idref="t399" attribute="effort" type="real" from="28800" to="576000"/>
      <change idref="t399" attribute="internalPrerequisitesString" type="string" to="398FS"/>
      <change idref="t399" attribute="resourceLeveledDate" type="date" to="2012-12-17T16:00:00.000Z"/>
      <change idref="t399" attribute="title" type="string" to="Procurement"/>
    </change>
    <change idref="t401" to="t360" to-position="2" resurrection="yes" resolved="yes">
      <change idref="t401" attribute="effort" type="real" from="28800" to="144000"/>
      <change idref="t401" attribute="internalPrerequisitesString" type="string" to="399FS"/>
      <change idref="t401" attribute="resourceLeveledDate" type="date" to="2013-01-14T16:00:00.000Z"/>
      <change idref="t401" attribute="title" type="string" to="Testing"/>
    </change>
    <change idref="t363" to="t361" to-position="0" resurrection="yes" resolved="yes">
      <change idref="t363" attribute="effort" type="real" from="28800" to="288000"/>
      <change idref="t363" attribute="resourceLeveledDate" type="date" to="2012-12-10T16:00:00.000Z"/>
      <change idref="t363" attribute="title" type="string" to="DTM Firmware"/>
    </change>
    <change idref="t364" to="t361" to-position="1" resurrection="yes" resolved="yes">
      <change idref="t364" attribute="effort" type="real" from="28800" to="576000"/>
      <change idref="t364" attribute="resourceLeveledDate" type="date" to="2012-12-10T16:00:00.000Z"/>
      <change idref="t364" attribute="title" type="string" to="DPM Firmware"/>
    </change>
    <change idref="t365" to="t361" to-position="2" resurrection="yes" resolved="yes">
      <change idref="t365" attribute="effort" type="real" from="28800" to="288000"/>
      <change idref="t365" attribute="resourceLeveledDate" type="date" to="2012-12-10T16:00:00.000Z"/>
      <change idref="t365" attribute="title" type="string" to="Software"/>
    </change>
    <change idref="t366" to="t361" to-position="3" resurrection="yes" resolved="yes">
      <change idref="t366" attribute="effort" type="real" from="28800" to="288000"/>
      <change idref="t366" attribute="resourceLeveledDate" type="date" to="2012-12-10T16:00:00.000Z"/>
      <change idref="t366" attribute="title" type="string" to="ROC Software"/>
    </change>
    <change idref="t367" to="t361" to-position="4" resurrection="yes" resolved="yes">
      <change idref="t367" attribute="effort" type="real" from="28800" to="288000"/>
      <change idref="t367" attribute="resourceLeveledDate" type="date" to="2012-12-10T16:00:00.000Z"/>
      <change idref="t367" attribute="title" type="string" to="Testing"/>
    </change>
    <change idref="t368" to="t362" to-position="0" resurrection="yes" resolved="yes">
      <change idref="t368" attribute="effort" type="real" from="28800" to="288000"/>
      <change idref="t368" attribute="resourceLeveledDate" type="date" to="2012-12-10T16:00:00.000Z"/>
      <change idref="t368" attribute="title" type="string" to="Design"/>
    </change>
    <change idref="t369" to="t362" to-position="1" resurrection="yes" resolved="yes">
      <change idref="t369" attribute="effort" type="real" from="28800" to="144000"/>
      <change idref="t369" attribute="resourceLeveledDate" type="date" to="2012-12-10T16:00:00.000Z"/>
      <change idref="t369" attribute="title" type="string" to="Procurement"/>
    </change>
    <change idref="t370" to="t362" to-position="2" resurrection="yes" resolved="yes">
      <change idref="t370" attribute="effort" type="real" from="28800" to="144000"/>
      <change idref="t370" attribute="resourceLeveledDate" type="date" to="2012-12-10T16:00:00.000Z"/>
      <change idref="t370" attribute="title" type="string" to="Assembly"/>
    </change>
    <change idref="t371" to="t362" to-position="3" resurrection="yes" resolved="yes">
      <change idref="t371" attribute="effort" type="real" from="28800" to="144000"/>
      <change idref="t371" attribute="resourceLeveledDate" type="date" to="2012-12-10T16:00:00.000Z"/>
      <change idref="t371" attribute="title" type="string" to="Testing"/>
    </change>
  </task-change-set>
  <task-change-set user="Tim Nelson" date="2013-12-14T00:12:53.899Z" timestamp="2013-12-14T00:12:53.899Z">
    <change idref="t21" attribute="internalPrerequisitesString" type="string" from="122FS, 145FS, 150FS" to="122FS, 145FS, 150FS, 358FS, 359FS, 360FS" resolved="yes"/>
    <change idref="t414" to="t29" to-position="5" resolved="yes">
      <change idref="t414" attribute="effort" type="real" from="28800" to="0"/>
      <change idref="t414" attribute="internalPrerequisitesString" type="string" to="88FS"/>
      <change idref="t414" attribute="isSplittableTask" type="real" from="1" to="0"/>
      <change idref="t414" attribute="percentCompleteForMilestone" type="real" to="0"/>
      <change idref="t414" attribute="resourceLeveledDate" type="date" to="2013-12-21T01:00:00.000Z"/>
      <change idref="t414" attribute="taskType" type="real" from="0" to="1"/>
      <change idref="t414" attribute="title" type="string" to="Hybrids Complete"/>
    </change>
    <change idref="t46" attribute="internalPrerequisitesString" type="string" from="21FS" to="21FS, 404FS" resolved="yes"/>
    <change idref="t120" attribute="internalPrerequisitesString" type="string" from="119FS" to="119FS, 410FS" resolved="yes"/>
    <change idref="t223" attribute="internalPrerequisitesString" type="string" from="183FS" to="183FS, 354FS, 355FS" resolved="yes"/>
    <change idref="t254" attribute="internalPrerequisitesString" type="string" from="217FS, 218FS" to="217FS, 218FS, 356FS, 357FS" resolved="yes"/>
    <change idref="t257" attribute="noLaterThanConstrainedTaskEnd" type="real" from="1" to="0" resolved="yes"/>
    <change idref="t347" from="t342" from-position="4" to="t342" to-position="2" resolved="yes"/>
    <change idref="t421" to="t342" to-position="6" resurrection="yes" resolved="yes">
      <change idref="t421" attribute="effort" type="real" from="28800" to="0"/>
      <change idref="t421" attribute="internalPrerequisitesString" type="string" to="404FS"/>
      <change idref="t421" attribute="isSplittableTask" type="real" from="1" to="0"/>
      <change idref="t421" attribute="percentCompleteForMilestone" type="real" to="0"/>
      <change idref="t421" attribute="resourceLeveledDate" type="date" to="2014-06-06T00:00:00.000Z"/>
      <change idref="t421" attribute="taskType" type="real" from="0" to="1"/>
      <change idref="t421" attribute="title" type="string" to="SVT DAQ Complete"/>
    </change>
    <change idref="t344" attribute="noEarlierThanConstraintDate" type="date" to="2013-12-02T16:00:00.000Z" resolved="yes"/>
    <change idref="t416" to="t344" to-position="5" resolved="yes">
      <change idref="t416" attribute="effort" type="real" from="28800" to="0"/>
      <change idref="t416" attribute="internalPrerequisitesString" type="string" to="353FS"/>
      <change idref="t416" attribute="isSplittableTask" type="real" from="1" to="0"/>
      <change idref="t416" attribute="percentCompleteForMilestone" type="real" to="0"/>
      <change idref="t416" attribute="resourceLeveledDate" type="date" to="2014-02-01T01:00:00.000Z"/>
      <change idref="t416" attribute="taskType" type="real" from="0" to="1"/>
      <change idref="t416" attribute="title" type="string" to="FE Boards Complete"/>
    </change>
    <change idref="t345" attribute="noEarlierThanConstraintDate" type="date" to="2014-02-03T16:00:00.000Z" resolved="yes"/>
    <change idref="t418" to="t345" to-position="7" resolved="yes">
      <change idref="t418" attribute="effort" type="real" from="28800" to="0"/>
      <change idref="t418" attribute="internalPrerequisitesString" type="string" to="354FS, 355FS, 356FS, 357FS, 358FS, 359FS, 360FS"/>
      <change idref="t418" attribute="isSplittableTask" type="real" from="1" to="0"/>
      <change idref="t418" attribute="percentCompleteForMilestone" type="real" to="0"/>
      <change idref="t418" attribute="resourceLeveledDate" type="date" to="2014-03-15T00:00:00.000Z"/>
      <change idref="t418" attribute="taskType" type="real" from="0" to="1"/>
      <change idref="t418" attribute="title" type="string" to="Cables Complete"/>
    </change>
    <change idref="t346" attribute="noEarlierThanConstraintDate" type="date" to="2014-03-12T15:00:00.000Z" resolved="yes"/>
    <change idref="t420" to="t346" to-position="2" resolved="yes">
      <change idref="t420" attribute="effort" type="real" from="28800" to="0"/>
      <change idref="t420" attribute="internalPrerequisitesString" type="string" to="367FS, 371FS"/>
      <change idref="t420" attribute="isSplittableTask" type="real" from="1" to="0"/>
      <change idref="t420" attribute="percentCompleteForMilestone" type="real" to="0"/>
      <change idref="t420" attribute="resourceLeveledDate" type="date" to="2014-06-04T00:00:00.000Z"/>
      <change idref="t420" attribute="taskType" type="real" from="0" to="1"/>
      <change idref="t420" attribute="title" type="string" to="RCE DAQ Complete"/>
    </change>
    <change idref="t347" attribute="noEarlierThanConstraintDate" type="date" to="2013-11-25T16:00:00.000Z" resolved="yes"/>
    <change idref="t417" to="t347" to-position="4" resolved="yes">
      <change idref="t417" attribute="effort" type="real" from="28800" to="0"/>
      <change idref="t417" attribute="internalPrerequisitesString" type="string" to="410FS"/>
      <change idref="t417" attribute="isSplittableTask" type="real" from="1" to="0"/>
      <change idref="t417" attribute="percentCompleteForMilestone" type="real" to="0"/>
      <change idref="t417" attribute="resourceLeveledDate" type="date" to="2014-01-04T01:00:00.000Z"/>
      <change idref="t417" attribute="taskType" type="real" from="0" to="1"/>
      <change idref="t417" attribute="title" type="string" to="Flange Boards Complete"/>
    </change>
    <change idref="t349" attribute="resourceLeveledDate" type="date" from="2012-12-10T16:00:00.000Z" to="2013-12-02T16:00:00.000Z" resolved="yes"/>
    <change idref="t350" attribute="resourceLeveledDate" type="date" from="2013-01-21T16:00:00.000Z" to="2014-01-13T16:00:00.000Z" resolved="yes"/>
    <change idref="t352" attribute="resourceLeveledDate" type="date" from="2013-01-28T16:00:00.000Z" to="2014-01-20T16:00:00.000Z" resolved="yes"/>
    <change idref="t353" attribute="resourceLeveledDate" type="date" from="2013-02-04T16:00:00.000Z" to="2014-01-27T16:00:00.000Z" resolved="yes"/>
    <change idref="t361" attribute="noLaterThanConstrainedTaskEnd" type="real" from="1" to="0" resolved="yes"/>
    <change idref="t363" attribute="resourceLeveledDate" type="date" from="2012-12-10T16:00:00.000Z" to="2014-03-12T15:00:00.000Z" resolved="yes"/>
    <change idref="t364" attribute="resourceLeveledDate" type="date" from="2012-12-10T16:00:00.000Z" to="2014-03-26T15:00:00.000Z" resolved="yes"/>
    <change idref="t364" attribute="internalPrerequisitesString" type="string" to="363FS" resolved="yes"/>
    <change idref="t365" attribute="resourceLeveledDate" type="date" from="2012-12-10T16:00:00.000Z" to="2014-04-23T15:00:00.000Z" resolved="yes"/>
    <change idref="t365" attribute="internalPrerequisitesString" type="string" to="364FS" resolved="yes"/>
    <change idref="t366" attribute="resourceLeveledDate" type="date" from="2012-12-10T16:00:00.000Z" to="2014-05-07T15:00:00.000Z" resolved="yes"/>
    <change idref="t366" attribute="internalPrerequisitesString" type="string" to="365FS" resolved="yes"/>
    <change idref="t367" attribute="resourceLeveledDate" type="date" from="2012-12-10T16:00:00.000Z" to="2014-05-21T15:00:00.000Z" resolved="yes"/>
    <change idref="t367" attribute="internalPrerequisitesString" type="string" to="366FS" resolved="yes"/>
    <change idref="t368" attribute="resourceLeveledDate" type="date" from="2012-12-10T16:00:00.000Z" to="2014-03-12T15:00:00.000Z" resolved="yes"/>
    <change idref="t369" attribute="resourceLeveledDate" type="date" from="2012-12-10T16:00:00.000Z" to="2014-03-26T15:00:00.000Z" resolved="yes"/>
    <change idref="t369" attribute="internalPrerequisitesString" type="string" to="368FS" resolved="yes"/>
    <change idref="t370" attribute="resourceLeveledDate" type="date" from="2012-12-10T16:00:00.000Z" to="2014-04-02T15:00:00.000Z" resolved="yes"/>
    <change idref="t370" attribute="internalPrerequisitesString" type="string" to="369FS" resolved="yes"/>
    <change idref="t371" attribute="resourceLeveledDate" type="date" from="2012-12-10T16:00:00.000Z" to="2014-04-09T15:00:00.000Z" resolved="yes"/>
    <change idref="t371" attribute="internalPrerequisitesString" type="string" to="370FS" resolved="yes"/>
    <change idref="t371" attribute="startLockedDate" type="date" to="2014-04-09T15:00:00.000Z" resolved="yes"/>
    <change idref="t372" attribute="resourceLeveledDate" type="date" from="2012-12-10T16:00:00.000Z" to="2014-02-03T16:00:00.000Z" resolved="yes"/>
    <change idref="t372" attribute="internalPrerequisitesString" type="string" to="257FS" resolved="yes"/>
    <change idref="t373" attribute="resourceLeveledDate" type="date" from="2012-12-31T16:00:00.000Z" to="2014-02-24T16:00:00.000Z" resolved="yes"/>
    <change idref="t375" attribute="resourceLeveledDate" type="date" from="2013-01-07T16:00:00.000Z" to="2014-03-03T16:00:00.000Z" resolved="yes"/>
    <change idref="t376" attribute="resourceLeveledDate" type="date" from="2013-01-14T16:00:00.000Z" to="2014-03-10T15:00:00.000Z" resolved="yes"/>
    <change idref="t378" attribute="resourceLeveledDate" type="date" from="2012-12-10T16:00:00.000Z" to="2014-02-03T16:00:00.000Z" resolved="yes"/>
    <change idref="t378" attribute="internalPrerequisitesString" type="string" to="257FS" resolved="yes"/>
    <change idref="t379" attribute="resourceLeveledDate" type="date" from="2012-12-31T16:00:00.000Z" to="2014-02-24T16:00:00.000Z" resolved="yes"/>
    <change idref="t380" attribute="resourceLeveledDate" type="date" from="2013-01-07T16:00:00.000Z" to="2014-03-03T16:00:00.000Z" resolved="yes"/>
    <change idref="t381" attribute="resourceLeveledDate" type="date" from="2013-01-14T16:00:00.000Z" to="2014-03-10T15:00:00.000Z" resolved="yes"/>
    <change idref="t382" attribute="resourceLeveledDate" type="date" from="2012-12-10T16:00:00.000Z" to="2014-02-03T16:00:00.000Z" resolved="yes"/>
    <change idref="t382" attribute="internalPrerequisitesString" type="string" to="266FS" resolved="yes"/>
    <change idref="t383" attribute="resourceLeveledDate" type="date" from="2012-12-31T16:00:00.000Z" to="2014-02-24T16:00:00.000Z" resolved="yes"/>
    <change idref="t384" attribute="resourceLeveledDate" type="date" from="2013-01-07T16:00:00.000Z" to="2014-03-03T16:00:00.000Z" resolved="yes"/>
    <change idref="t385" attribute="resourceLeveledDate" type="date" from="2013-01-14T16:00:00.000Z" to="2014-03-10T15:00:00.000Z" resolved="yes"/>
    <change idref="t386" attribute="resourceLeveledDate" type="date" from="2012-12-10T16:00:00.000Z" to="2014-02-03T16:00:00.000Z" resolved="yes"/>
    <change idref="t386" attribute="internalPrerequisitesString" type="string" to="266FS" resolved="yes"/>
    <change idref="t387" attribute="resourceLeveledDate" type="date" from="2012-12-31T16:00:00.000Z" to="2014-02-24T16:00:00.000Z" resolved="yes"/>
    <change idref="t388" attribute="resourceLeveledDate" type="date" from="2013-01-07T16:00:00.000Z" to="2014-03-03T16:00:00.000Z" resolved="yes"/>
    <change idref="t389" attribute="resourceLeveledDate" type="date" from="2013-01-14T16:00:00.000Z" to="2014-03-10T15:00:00.000Z" resolved="yes"/>
    <change idref="t390" attribute="resourceLeveledDate" type="date" from="2012-12-10T16:00:00.000Z" to="2014-02-03T16:00:00.000Z" resolved="yes"/>
    <change idref="t391" attribute="resourceLeveledDate" type="date" from="2012-12-31T16:00:00.000Z" to="2014-02-24T16:00:00.000Z" resolved="yes"/>
    <change idref="t392" attribute="resourceLeveledDate" type="date" from="2013-01-07T16:00:00.000Z" to="2014-03-03T16:00:00.000Z" resolved="yes"/>
    <change idref="t393" attribute="resourceLeveledDate" type="date" from="2013-01-14T16:00:00.000Z" to="2014-03-10T15:00:00.000Z" resolved="yes"/>
    <change idref="t394" attribute="resourceLeveledDate" type="date" from="2012-12-10T16:00:00.000Z" to="2014-02-03T16:00:00.000Z" resolved="yes"/>
    <change idref="t395" attribute="resourceLeveledDate" type="date" from="2012-12-31T16:00:00.000Z" to="2014-02-24T16:00:00.000Z" resolved="yes"/>
    <change idref="t396" attribute="resourceLeveledDate" type="date" from="2013-01-07T16:00:00.000Z" to="2014-03-03T16:00:00.000Z" resolved="yes"/>
    <change idref="t397" attribute="resourceLeveledDate" type="date" from="2013-01-14T16:00:00.000Z" to="2014-03-10T15:00:00.000Z" resolved="yes"/>
    <change idref="t398" attribute="resourceLeveledDate" type="date" from="2012-12-10T16:00:00.000Z" to="2014-02-03T16:00:00.000Z" resolved="yes"/>
    <change idref="t399" attribute="resourceLeveledDate" type="date" from="2012-12-17T16:00:00.000Z" to="2014-02-10T16:00:00.000Z" resolved="yes"/>
    <change idref="t401" attribute="resourceLeveledDate" type="date" from="2013-01-14T16:00:00.000Z" to="2014-03-10T15:00:00.000Z" resolved="yes"/>
    <change idref="t402" attribute="resourceLeveledDate" type="date" from="2012-12-10T16:00:00.000Z" to="2014-06-04T15:00:00.000Z" resolved="yes"/>
    <change idref="t402" attribute="internalPrerequisitesString" type="string" to="88FS, 345FS, 353FS, 367FS, 367FS, 371FS, 410FS" resolved="yes"/>
    <change idref="t404" attribute="resourceLeveledDate" type="date" from="2012-12-10T16:00:00.000Z" to="2014-06-05T15:00:00.000Z" resolved="yes"/>
    <change idref="t404" attribute="internalPrerequisitesString" type="string" to="402FS" resolved="yes"/>
    <change idref="t407" attribute="resourceLeveledDate" type="date" from="2012-12-10T16:00:00.000Z" to="2013-11-25T16:00:00.000Z" resolved="yes"/>
    <change idref="t408" attribute="resourceLeveledDate" type="date" from="2012-12-10T16:00:00.000Z" to="2013-12-09T16:00:00.000Z" resolved="yes"/>
    <change idref="t408" attribute="internalPrerequisitesString" type="string" to="407FS" resolved="yes"/>
    <change idref="t409" attribute="resourceLeveledDate" type="date" from="2012-12-10T16:00:00.000Z" to="2013-12-16T16:00:00.000Z" resolved="yes"/>
    <change idref="t409" attribute="internalPrerequisitesString" type="string" to="408FS" resolved="yes"/>
    <change idref="t410" attribute="resourceLeveledDate" type="date" from="2012-12-10T16:00:00.000Z" to="2013-12-30T16:00:00.000Z" resolved="yes"/>
    <change idref="t410" attribute="internalPrerequisitesString" type="string" to="409FS" resolved="yes"/>
    <change idref="t411" attribute="resourceLeveledDate" type="date" from="2012-12-10T16:00:00.000Z" to="2013-12-02T16:00:00.000Z" resolved="yes"/>
  </task-change-set>
  <task-change-set user="Tim Nelson" date="2013-12-16T07:09:05.002Z" timestamp="2013-12-16T07:09:05.002Z">
    <change idref="t40" attribute="noLaterThanConstrainedTaskEnd" type="real" from="1" to="0" resolved="yes"/>
    <change idref="t59" attribute="resourceLeveledDate" type="date" from="2014-03-17T15:00:00.000Z" to="2014-05-23T15:00:00.000Z" resolved="yes"/>
    <change idref="t90" attribute="noLaterThanConstrainedTaskEnd" type="real" from="1" to="0" resolved="yes"/>
    <change idref="t90" attribute="resourceLeveledDate" type="date" from="2013-04-29T15:00:00.000Z" to="2013-08-26T15:00:00.000Z" resolved="yes"/>
    <change idref="t90" attribute="noEarlierThanConstraintDate" type="date" to="2013-08-26T15:00:00.000Z" resolved="yes"/>
    <change idref="t91" attribute="resourceLeveledDate" type="date" from="2013-10-01T15:00:00.000Z" to="2013-10-21T15:00:00.000Z" resolved="yes"/>
    <change idref="t92" attribute="resourceLeveledDate" type="date" from="2013-10-29T15:00:00.000Z" to="2013-11-18T16:00:00.000Z" resolved="yes"/>
    <change idref="t93" attribute="resourceLeveledDate" type="date" from="2013-11-12T16:00:00.000Z" to="2013-12-02T16:00:00.000Z" resolved="yes"/>
    <change idref="t94" attribute="resourceLeveledDate" type="date" from="2013-11-26T16:00:00.000Z" to="2013-12-16T16:00:00.000Z" resolved="yes"/>
    <change idref="t103" attribute="resourceLeveledDate" type="date" from="2013-11-11T16:00:00.000Z" to="2014-01-17T16:00:00.000Z" resolved="yes"/>
    <change idref="t104" attribute="resourceLeveledDate" type="date" from="2014-01-06T16:00:00.000Z" to="2014-03-14T15:00:00.000Z" resolved="yes"/>
    <change idref="t105" attribute="resourceLeveledDate" type="date" from="2014-01-20T16:00:00.000Z" to="2014-03-28T15:00:00.000Z" resolved="yes"/>
    <change idref="t106" attribute="resourceLeveledDate" type="date" from="2014-02-17T16:00:00.000Z" to="2014-04-25T15:00:00.000Z" resolved="yes"/>
    <change idref="t107" attribute="resourceLeveledDate" type="date" from="2014-03-03T16:00:00.000Z" to="2014-05-09T15:00:00.000Z" resolved="yes"/>
    <change idref="t108" attribute="resourceLeveledDate" type="date" from="2013-11-11T16:00:00.000Z" to="2014-01-17T16:00:00.000Z" resolved="yes"/>
    <change idref="t109" attribute="resourceLeveledDate" type="date" from="2014-01-06T16:00:00.000Z" to="2014-03-14T15:00:00.000Z" resolved="yes"/>
    <change idref="t110" attribute="resourceLeveledDate" type="date" from="2014-01-20T16:00:00.000Z" to="2014-03-28T15:00:00.000Z" resolved="yes"/>
    <change idref="t111" attribute="resourceLeveledDate" type="date" from="2014-02-17T16:00:00.000Z" to="2014-04-25T15:00:00.000Z" resolved="yes"/>
    <change idref="t112" attribute="resourceLeveledDate" type="date" from="2014-03-03T16:00:00.000Z" to="2014-05-09T15:00:00.000Z" resolved="yes"/>
    <change idref="t124" attribute="internalPrerequisitesString" type="string" from="103FS" to="257FS, 266FS" resolved="yes"/>
    <change idref="t124" attribute="resourceLeveledDate" type="date" from="2014-01-06T16:00:00.000Z" to="2014-01-17T16:00:00.000Z" resolved="yes"/>
    <change idref="t125" attribute="resourceLeveledDate" type="date" from="2014-02-03T16:00:00.000Z" to="2014-02-14T16:00:00.000Z" resolved="yes"/>
    <change idref="t126" attribute="effort" type="real" from="1728000" to="1152000" resolved="yes"/>
    <change idref="t126" attribute="resourceLeveledDate" type="date" from="2014-03-31T15:00:00.000Z" to="2014-04-11T15:00:00.000Z" resolved="yes"/>
    <change idref="t127" attribute="effort" type="real" from="576000" to="288000" resolved="yes"/>
    <change idref="t127" attribute="resourceLeveledDate" type="date" from="2014-06-23T15:00:00.000Z" to="2014-06-06T15:00:00.000Z" resolved="yes"/>
    <change idref="t128" attribute="effort" type="real" from="576000" to="288000" resolved="yes"/>
    <change idref="t128" attribute="resourceLeveledDate" type="date" from="2014-07-21T15:00:00.000Z" to="2014-06-20T15:00:00.000Z" resolved="yes"/>
    <change idref="t143" attribute="resourceLeveledDate" type="date" from="2014-03-31T15:00:00.000Z" to="2014-06-06T15:00:00.000Z" resolved="yes"/>
    <change idref="t159" attribute="resourceLeveledDate" type="date" from="2014-04-12T00:00:00.000Z" to="2014-06-20T00:00:00.000Z" resolved="yes"/>
    <change idref="t160" attribute="resourceLeveledDate" type="date" from="2014-08-16T00:00:00.000Z" to="2014-07-04T00:00:00.000Z" resolved="yes"/>
    <change idref="t161" attribute="internalPrerequisitesString" type="string" from="46FS" to="46FS, 160FS" resolved="yes"/>
    <change idref="t216" attribute="resourceLeveledDate" type="date" from="2013-07-08T15:00:00.000Z" to="2013-10-25T15:00:00.000Z" resolved="yes"/>
    <change idref="t217" attribute="resourceLeveledDate" type="date" from="2013-09-30T15:00:00.000Z" to="2014-01-17T16:00:00.000Z" resolved="yes"/>
    <change idref="t218" attribute="resourceLeveledDate" type="date" from="2013-10-01T15:00:00.000Z" to="2014-01-17T16:00:00.000Z" resolved="yes"/>
    <change idref="t247" attribute="resourceLeveledDate" type="date" from="2013-08-05T15:00:00.000Z" to="2013-10-21T15:00:00.000Z" resolved="yes"/>
    <change idref="t248" attribute="resourceLeveledDate" type="date" from="2013-09-16T15:00:00.000Z" to="2013-12-02T16:00:00.000Z" resolved="yes"/>
    <change idref="t249" attribute="resourceLeveledDate" type="date" from="2013-10-01T15:00:00.000Z" to="2013-12-16T16:00:00.000Z" resolved="yes"/>
    <change idref="t250" attribute="resourceLeveledDate" type="date" from="2013-10-29T15:00:00.000Z" to="2014-01-13T16:00:00.000Z" resolved="yes"/>
    <change idref="t266" attribute="noLaterThanConstrainedTaskEnd" type="real" from="1" to="0" resolved="yes"/>
    <change idref="t266" attribute="resourceLeveledDate" type="date" from="2013-07-08T15:00:00.000Z" to="2013-10-25T15:00:00.000Z" resolved="yes"/>
    <change idref="t266" attribute="noEarlierThanConstraintDate" type="date" to="2013-10-25T15:00:00.000Z" resolved="yes"/>
    <change idref="t267" attribute="resourceLeveledDate" type="date" from="2013-10-01T15:00:00.000Z" to="2014-01-17T16:00:00.000Z" resolved="yes"/>
    <change idref="t268" attribute="resourceLeveledDate" type="date" from="2013-10-29T15:00:00.000Z" to="2014-02-14T16:00:00.000Z" resolved="yes"/>
    <change idref="t422" to="t342" to-position="5" resolved="yes">
      <change idref="t422" attribute="isGroup" type="real" from="0" to="1"/>
      <change idref="t422" attribute="noEarlierThanConstraintDate" type="date" to="2013-11-22T16:00:00.000Z"/>
      <change idref="t422" attribute="noLaterThanConstrainedTaskEnd" type="real" from="1" to="0"/>
      <change idref="t422" attribute="taskType" type="real" from="0" to="2"/>
      <change idref="t422" attribute="title" type="string" to="Power Supplies"/>
    </change>
    <change idref="t423" to="t345" to-position="7" resolved="yes">
      <change idref="t423" attribute="isGroup" type="real" from="0" to="1"/>
      <change idref="t423" attribute="taskType" type="real" from="0" to="2"/>
      <change idref="t423" attribute="title" type="string" to="External PS Cables"/>
    </change>
    <change idref="t424" to="t345" to-position="8" resolved="yes">
      <change idref="t424" attribute="isGroup" type="real" from="0" to="1"/>
      <change idref="t424" attribute="taskType" type="real" from="0" to="2"/>
      <change idref="t424" attribute="title" type="string" to="External DAQ Cables"/>
    </change>
    <change idref="t346" attribute="title" type="string" from="RCE DAQ" to="ATCA DAQ" resolved="yes"/>
    <change idref="t418" attribute="internalPrerequisitesString" type="string" from="354FS, 355FS, 356FS, 357FS, 358FS, 359FS, 360FS" to="354FS, 355FS, 356FS, 357FS, 358FS, 359FS, 360FS, 429FS, 432FS" resolved="yes"/>
    <change idref="t418" attribute="resourceLeveledDate" type="date" from="2014-03-15T00:00:00.000Z" to="2014-04-05T00:00:00.000Z" resolved="yes"/>
    <change idref="t421" attribute="internalPrerequisitesString" type="string" from="404FS" to="404FS, 418FS, 426FS" resolved="yes"/>
    <change idref="t427" to="t423" to-position="0" resolved="yes">
      <change idref="t427" attribute="effort" type="real" from="28800" to="144000"/>
      <change idref="t427" attribute="resourceLeveledDate" type="date" to="2014-02-03T16:00:00.000Z"/>
      <change idref="t427" attribute="title" type="string" to="Design"/>
    </change>
    <change idref="t428" to="t423" to-position="1" resolved="yes">
      <change idref="t428" attribute="effort" type="real" from="28800" to="864000"/>
      <change idref="t428" attribute="internalPrerequisitesString" type="string" to="427FS"/>
      <change idref="t428" attribute="resourceLeveledDate" type="date" to="2014-02-10T16:00:00.000Z"/>
      <change idref="t428" attribute="title" type="string" to="Procurement"/>
    </change>
    <change idref="t434" to="t423" to-position="2" resolved="yes">
      <change idref="t434" attribute="effort" type="real" from="28800" to="144000"/>
      <change idref="t434" attribute="internalPrerequisitesString" type="string" to="428FS"/>
      <change idref="t434" attribute="resourceLeveledDate" type="date" to="2014-03-24T15:00:00.000Z"/>
      <change idref="t434" attribute="title" type="string" to="Assembly"/>
    </change>
    <change idref="t429" to="t423" to-position="3" resolved="yes">
      <change idref="t429" attribute="effort" type="real" from="28800" to="144000"/>
      <change idref="t429" attribute="internalPrerequisitesString" type="string" to="434FS"/>
      <change idref="t429" attribute="resourceLeveledDate" type="date" to="2014-03-31T15:00:00.000Z"/>
      <change idref="t429" attribute="title" type="string" to="Testing"/>
    </change>
    <change idref="t430" to="t424" to-position="0" resolved="yes">
      <change idref="t430" attribute="effort" type="real" from="28800" to="144000"/>
      <change idref="t430" attribute="resourceLeveledDate" type="date" to="2014-02-03T16:00:00.000Z"/>
      <change idref="t430" attribute="title" type="string" to="Design"/>
    </change>
    <change idref="t431" to="t424" to-position="1" resolved="yes">
      <change idref="t431" attribute="effort" type="real" from="28800" to="576000"/>
      <change idref="t431" attribute="internalPrerequisitesString" type="string" to="430FS"/>
      <change idref="t431" attribute="resourceLeveledDate" type="date" to="2014-02-10T16:00:00.000Z"/>
      <change idref="t431" attribute="title" type="string" to="Procurement"/>
    </change>
    <change idref="t435" to="t424" to-position="2" resolved="yes">
      <change idref="t435" attribute="effort" type="real" from="28800" to="144000"/>
      <change idref="t435" attribute="internalPrerequisitesString" type="string" to="431FS"/>
      <change idref="t435" attribute="resourceLeveledDate" type="date" to="2014-03-10T15:00:00.000Z"/>
      <change idref="t435" attribute="title" type="string" to="Assembly"/>
    </change>
    <change idref="t432" to="t424" to-position="3" resolved="yes">
      <change idref="t432" attribute="effort" type="real" from="28800" to="144000"/>
      <change idref="t432" attribute="internalPrerequisitesString" type="string" to="435FS"/>
      <change idref="t432" attribute="resourceLeveledDate" type="date" to="2014-03-17T15:00:00.000Z"/>
      <change idref="t432" attribute="title" type="string" to="Testing"/>
    </change>
    <change idref="t425" to="t422" to-position="0" resolved="yes">
      <change idref="t425" attribute="effort" type="real" from="28800" to="1728000"/>
      <change idref="t425" attribute="noEarlierThanConstraintDate" type="date" to="2013-11-22T16:00:00.000Z"/>
      <change idref="t425" attribute="resourceLeveledDate" type="date" to="2013-11-22T16:00:00.000Z"/>
      <change idref="t425" attribute="title" type="string" to="Procurement"/>
    </change>
    <change idref="t426" to="t422" to-position="1" resolved="yes">
      <change idref="t426" attribute="effort" type="real" from="28800" to="144000"/>
      <change idref="t426" attribute="internalPrerequisitesString" type="string" to="425FS"/>
      <change idref="t426" attribute="noEarlierThanConstraintDate" type="date" to="2014-02-14T16:00:00.000Z"/>
      <change idref="t426" attribute="resourceLeveledDate" type="date" to="2014-02-14T16:00:00.000Z"/>
      <change idref="t426" attribute="title" type="string" to="Testing"/>
    </change>
  </task-change-set>
  <task-change-set user="Tim Nelson" date="2013-12-16T20:05:40.550Z" timestamp="2013-12-16T20:05:40.550Z">
    <change idref="t346" attribute="noEarlierThanConstraintDate" type="date" from="2014-03-12T15:00:00.000Z" to="2014-01-06T16:00:00.000Z" resolved="yes"/>
    <change idref="t436" to="t361" to-position="0" resurrection="yes" resolved="yes">
      <change idref="t436" attribute="effort" type="real" from="28800" to="1152000"/>
      <change idref="t436" attribute="noLaterThanConstrainedTaskEnd" type="real" from="1" to="0"/>
      <change idref="t436" attribute="resourceLeveledDate" type="date" to="2014-01-06T16:00:00.000Z"/>
      <change idref="t436" attribute="title" type="string" to="Procurement"/>
    </change>
    <change idref="t363" attribute="resourceLeveledDate" type="date" from="2014-03-12T15:00:00.000Z" to="2014-03-03T16:00:00.000Z" resolved="yes"/>
    <change idref="t363" attribute="internalPrerequisitesString" type="string" to="436FS" resolved="yes"/>
    <change idref="t364" attribute="resourceLeveledDate" type="date" from="2014-03-26T15:00:00.000Z" to="2014-03-17T15:00:00.000Z" resolved="yes"/>
    <change idref="t365" attribute="resourceLeveledDate" type="date" from="2014-04-23T15:00:00.000Z" to="2014-04-14T15:00:00.000Z" resolved="yes"/>
    <change idref="t366" attribute="resourceLeveledDate" type="date" from="2014-05-07T15:00:00.000Z" to="2014-04-28T15:00:00.000Z" resolved="yes"/>
    <change idref="t367" attribute="resourceLeveledDate" type="date" from="2014-05-21T15:00:00.000Z" to="2014-05-12T15:00:00.000Z" resolved="yes"/>
    <change idref="t368" attribute="resourceLeveledDate" type="date" from="2014-03-12T15:00:00.000Z" to="2014-01-06T16:00:00.000Z" resolved="yes"/>
    <change idref="t369" attribute="resourceLeveledDate" type="date" from="2014-03-26T15:00:00.000Z" to="2014-01-20T16:00:00.000Z" resolved="yes"/>
    <change idref="t370" attribute="resourceLeveledDate" type="date" from="2014-04-02T15:00:00.000Z" to="2014-01-27T16:00:00.000Z" resolved="yes"/>
    <change idref="t402" attribute="resourceLeveledDate" type="date" from="2014-06-04T15:00:00.000Z" to="2014-05-26T15:00:00.000Z" resolved="yes"/>
    <change idref="t404" attribute="resourceLeveledDate" type="date" from="2014-06-05T15:00:00.000Z" to="2014-05-27T15:00:00.000Z" resolved="yes"/>
    <change idref="t420" attribute="resourceLeveledDate" type="date" from="2014-06-04T00:00:00.000Z" to="2014-05-24T00:00:00.000Z" resolved="yes"/>
    <change idref="t421" attribute="resourceLeveledDate" type="date" from="2014-06-06T00:00:00.000Z" to="2014-05-28T00:00:00.000Z" resolved="yes"/>
  </task-change-set>
</changelog>
