<?xml version="1.0" encoding="utf-8" standalone="no"?>
<scenario xmlns="http://www.omnigroup.com/namespace/OmniPlan/v2" id="bkBbjkD2avB">
  <start-date>2012-12-09T08:00:00.000Z</start-date>
  <prototype-task>
    <task id="t4294967294">
      <title>Task 1</title>
      <effort>28800</effort>
    </task>
  </prototype-task>
  <prototype-task>
    <task id="t4294967293">
      <title>Milestone 1</title>
      <type>milestone</type>
    </task>
  </prototype-task>
  <prototype-task>
    <task id="t4294967292">
      <title>Group 1</title>
      <type>group</type>
    </task>
  </prototype-task>
  <prototype-resource>
    <resource id="r4294967294">
      <name>Resource 1</name>
      <type>Staff</type>
    </resource>
  </prototype-resource>
  <prototype-resource>
    <resource id="r4294967293">
      <name>Equipment 1</name>
      <type>Equipment</type>
    </resource>
  </prototype-resource>
  <prototype-resource>
    <resource id="r4294967292">
      <name>Material 1</name>
      <type>Material</type>
      <units-available>0</units-available>
      <efficiency>0</efficiency>
    </resource>
  </prototype-resource>
  <prototype-resource>
    <resource id="r4294967291">
      <name>Group 1</name>
      <type>Group</type>
    </resource>
  </prototype-resource>
  <top-resource idref="r-1"/>
  <resource id="r-1">
    <type>Group</type>
    <child-resource idref="r1"/>
  </resource>
  <resource id="r1">
    <name>Resource 1</name>
    <type>Staff</type>
  </resource>
  <top-task idref="t-1"/>
  <task id="t-1">
    <type>group</type>
    <child-task idref="t1"/>
    <child-task idref="t342"/>
  </task>
  <task id="t1">
    <title>SVT</title>
    <type>group</type>
    <leveled-start>2013-01-07T16:00:00.000Z</leveled-start>
    <start-constraint-date>2013-01-07T16:00:00.000Z</start-constraint-date>
    <child-task idref="t264"/>
    <child-task idref="t4"/>
    <child-task idref="t5"/>
    <child-task idref="t51"/>
    <child-task idref="t19"/>
    <child-task idref="t20"/>
    <child-task idref="t60"/>
    <start-no-earlier-than>2013-01-07T16:00:00.000Z</start-no-earlier-than>
  </task>
  <task id="t4">
    <title>Layers 1-3</title>
    <type>group</type>
    <leveled-start>2013-01-07T16:00:00.000Z</leveled-start>
    <child-task idref="t11"/>
    <child-task idref="t17"/>
    <child-task idref="t36"/>
    <child-task idref="t145"/>
  </task>
  <task id="t5">
    <title>Layers 4-6</title>
    <type>group</type>
    <leveled-start>2013-04-29T15:00:00.000Z</leveled-start>
    <child-task idref="t15"/>
    <child-task idref="t16"/>
    <child-task idref="t45"/>
    <child-task idref="t150"/>
    <prerequisite-task idref="t66"/>
  </task>
  <task id="t11">
    <title>Modules</title>
    <type>group</type>
    <leveled-start>2013-01-07T16:00:00.000Z</leveled-start>
    <child-task idref="t24"/>
    <child-task idref="t39"/>
    <child-task idref="t37"/>
    <child-task idref="t146"/>
  </task>
  <task id="t15">
    <title>Modules</title>
    <type>group</type>
    <leveled-start>2013-04-29T15:00:00.000Z</leveled-start>
    <child-task idref="t25"/>
    <child-task idref="t40"/>
    <child-task idref="t41"/>
    <child-task idref="t149"/>
  </task>
  <task id="t16">
    <title>Support Plates</title>
    <type>group</type>
    <leveled-start>2013-10-25T15:00:00.000Z</leveled-start>
    <child-task idref="t33"/>
    <child-task idref="t34"/>
    <child-task idref="t35"/>
    <child-task idref="t96"/>
    <child-task idref="t97"/>
    <child-task idref="t192"/>
    <prerequisite-task idref="t17" kind="SS"/>
  </task>
  <task id="t17">
    <title>Support Plates</title>
    <type>group</type>
    <leveled-start>2013-05-27T15:00:00.000Z</leveled-start>
    <child-task idref="t42"/>
    <child-task idref="t43"/>
    <child-task idref="t44"/>
    <child-task idref="t72"/>
    <child-task idref="t73"/>
    <child-task idref="t147"/>
  </task>
  <task id="t19">
    <title>Services</title>
    <type>group</type>
    <leveled-start>2013-10-01T15:00:00.000Z</leveled-start>
    <child-task idref="t22"/>
    <child-task idref="t23"/>
    <child-task idref="t61"/>
    <child-task idref="t160"/>
    <prerequisite-task idref="t144"/>
  </task>
  <task id="t20">
    <title>Integration at SLAC</title>
    <type>group</type>
    <leveled-start>2014-05-26T15:00:00.000Z</leveled-start>
    <child-task idref="t21"/>
    <child-task idref="t46"/>
    <child-task idref="t161"/>
  </task>
  <task id="t21">
    <title>Assembly</title>
    <leveled-start>2014-05-26T15:00:00.000Z</leveled-start>
    <effort>288000</effort>
    <min-estimate>28800</min-estimate>
    <prerequisite-task idref="t122"/>
    <prerequisite-task idref="t145"/>
    <prerequisite-task idref="t150"/>
    <prerequisite-task idref="t358"/>
    <prerequisite-task idref="t359"/>
    <prerequisite-task idref="t360"/>
  </task>
  <task id="t22">
    <title>Motion Levers</title>
    <type>group</type>
    <leveled-start>2013-10-28T15:00:00.000Z</leveled-start>
    <child-task idref="t113"/>
    <child-task idref="t114"/>
    <child-task idref="t115"/>
    <child-task idref="t116"/>
    <child-task idref="t117"/>
  </task>
  <task id="t23">
    <title>Vacuum Flanges/Boards/cables</title>
    <type>group</type>
    <leveled-start>2013-10-01T15:00:00.000Z</leveled-start>
    <child-task idref="t118"/>
    <child-task idref="t119"/>
    <child-task idref="t120"/>
    <child-task idref="t121"/>
    <child-task idref="t122"/>
  </task>
  <task id="t24">
    <title>Half modules</title>
    <type>group</type>
    <leveled-start>2013-02-01T16:00:00.000Z</leveled-start>
    <child-task idref="t220"/>
    <child-task idref="t65"/>
    <child-task idref="t163"/>
  </task>
  <task id="t25">
    <title>Half Modules</title>
    <type>group</type>
    <leveled-start>2013-04-29T15:00:00.000Z</leveled-start>
    <child-task idref="t26"/>
    <child-task idref="t28"/>
    <child-task idref="t30"/>
  </task>
  <task id="t26">
    <title>Supports</title>
    <type>group</type>
    <leveled-start>2013-04-29T15:00:00.000Z</leveled-start>
    <child-task idref="t74"/>
    <child-task idref="t75"/>
    <child-task idref="t76"/>
    <child-task idref="t77"/>
    <child-task idref="t78"/>
  </task>
  <task id="t28">
    <title>Sensors</title>
    <type>group</type>
    <leveled-start>2013-04-29T15:00:00.000Z</leveled-start>
    <child-task idref="t227"/>
    <child-task idref="t83"/>
  </task>
  <task id="t29">
    <title>Hybrids</title>
    <type>group</type>
    <leveled-start>2013-08-05T15:00:00.000Z</leveled-start>
    <child-task idref="t84"/>
    <child-task idref="t85"/>
    <child-task idref="t86"/>
    <child-task idref="t87"/>
    <child-task idref="t88"/>
    <child-task idref="t414"/>
  </task>
  <task id="t30">
    <title>Integration</title>
    <type>group</type>
    <leveled-start>2013-08-05T15:00:00.000Z</leveled-start>
    <child-task idref="t195"/>
    <child-task idref="t196"/>
    <child-task idref="t197"/>
    <child-task idref="t198"/>
    <child-task idref="t199"/>
    <child-task idref="t148"/>
  </task>
  <task id="t33">
    <title>Design</title>
    <type>group</type>
    <leveled-start>2013-10-25T15:00:00.000Z</leveled-start>
    <child-task idref="t266"/>
  </task>
  <task id="t34">
    <title>Procurement</title>
    <type>group</type>
    <leveled-start>2014-01-17T16:00:00.000Z</leveled-start>
    <child-task idref="t267"/>
    <prerequisite-task idref="t33"/>
    <prerequisite-task idref="t144"/>
  </task>
  <task id="t35">
    <title>Fabrication</title>
    <type>group</type>
    <leveled-start>2014-02-14T16:00:00.000Z</leveled-start>
    <child-task idref="t268"/>
    <prerequisite-task idref="t34"/>
  </task>
  <task id="t36">
    <title>Integration</title>
    <type>group</type>
    <leveled-start>2013-08-19T15:00:00.000Z</leveled-start>
    <child-task idref="t181"/>
    <child-task idref="t182"/>
    <child-task idref="t183"/>
    <child-task idref="t184"/>
    <child-task idref="t185"/>
  </task>
  <task id="t37">
    <title>Integration</title>
    <type>group</type>
    <leveled-start>2013-04-29T15:00:00.000Z</leveled-start>
    <child-task idref="t164"/>
    <child-task idref="t166"/>
    <child-task idref="t167"/>
    <child-task idref="t168"/>
    <child-task idref="t169"/>
  </task>
  <task id="t39">
    <title>Module supports</title>
    <type>group</type>
    <leveled-start>2013-01-07T16:00:00.000Z</leveled-start>
    <child-task idref="t132"/>
    <child-task idref="t66"/>
    <child-task idref="t67"/>
    <child-task idref="t68"/>
    <child-task idref="t69"/>
    <child-task idref="t70"/>
  </task>
  <task id="t40">
    <title>Module supports</title>
    <type>group</type>
    <leveled-start>2013-08-26T15:00:00.000Z</leveled-start>
    <child-task idref="t90"/>
    <child-task idref="t91"/>
    <child-task idref="t92"/>
    <child-task idref="t93"/>
    <child-task idref="t94"/>
  </task>
  <task id="t41">
    <title>Integration</title>
    <type>group</type>
    <leveled-start>2013-10-21T15:00:00.000Z</leveled-start>
    <child-task idref="t241"/>
    <child-task idref="t242"/>
    <child-task idref="t243"/>
    <child-task idref="t244"/>
    <child-task idref="t246"/>
  </task>
  <task id="t42">
    <title>Design</title>
    <type>group</type>
    <leveled-start>2013-05-27T15:00:00.000Z</leveled-start>
    <child-task idref="t257"/>
  </task>
  <task id="t43">
    <title>Procurement</title>
    <type>group</type>
    <leveled-start>2013-10-01T15:00:00.000Z</leveled-start>
    <child-task idref="t259"/>
    <prerequisite-task idref="t42"/>
    <prerequisite-task idref="t144"/>
  </task>
  <task id="t44">
    <title>Fabrication</title>
    <type>group</type>
    <leveled-start>2013-10-29T15:00:00.000Z</leveled-start>
    <child-task idref="t260"/>
    <prerequisite-task idref="t43"/>
  </task>
  <task id="t45">
    <title>Integration</title>
    <type>group</type>
    <leveled-start>2013-10-25T15:00:00.000Z</leveled-start>
    <child-task idref="t186"/>
    <child-task idref="t187"/>
    <child-task idref="t188"/>
    <child-task idref="t189"/>
    <child-task idref="t191"/>
  </task>
  <task id="t46">
    <title>Testing</title>
    <leveled-start>2014-06-09T15:00:00.000Z</leveled-start>
    <effort>576000</effort>
    <min-estimate>28800</min-estimate>
    <prerequisite-task idref="t21"/>
    <prerequisite-task idref="t404"/>
  </task>
  <task id="t51">
    <title>Tracker support</title>
    <type>group</type>
    <leveled-start>2013-10-01T15:00:00.000Z</leveled-start>
    <child-task idref="t55"/>
    <child-task idref="t56"/>
    <child-task idref="t54"/>
    <child-task idref="t59"/>
    <child-task idref="t143"/>
    <child-task idref="t159"/>
    <prerequisite-task idref="t144"/>
  </task>
  <task id="t54">
    <title>Baseplate</title>
    <type>group</type>
    <leveled-start>2014-01-17T16:00:00.000Z</leveled-start>
    <child-task idref="t103"/>
    <child-task idref="t104"/>
    <child-task idref="t105"/>
    <child-task idref="t106"/>
    <child-task idref="t107"/>
  </task>
  <task id="t55">
    <title>C support</title>
    <type>group</type>
    <leveled-start>2013-10-01T15:00:00.000Z</leveled-start>
    <child-task idref="t98"/>
    <child-task idref="t99"/>
    <child-task idref="t100"/>
    <child-task idref="t101"/>
    <child-task idref="t102"/>
  </task>
  <task id="t56">
    <title>DAQ Support/Cooling</title>
    <type>group</type>
    <leveled-start>2014-01-17T16:00:00.000Z</leveled-start>
    <child-task idref="t108"/>
    <child-task idref="t109"/>
    <child-task idref="t110"/>
    <child-task idref="t111"/>
    <child-task idref="t112"/>
  </task>
  <task id="t59">
    <title>Integration</title>
    <leveled-start>2014-05-23T15:00:00.000Z</leveled-start>
    <effort>288000</effort>
    <min-estimate>28800</min-estimate>
    <prerequisite-task idref="t107"/>
  </task>
  <task id="t60">
    <title>Integration at JLab</title>
    <type>group</type>
    <leveled-start>2014-07-07T15:00:00.000Z</leveled-start>
    <child-task idref="t62"/>
    <child-task idref="t63"/>
    <child-task idref="t64"/>
    <child-task idref="t162"/>
    <prerequisite-task idref="t161"/>
  </task>
  <task id="t61">
    <title>Shipping</title>
    <type>group</type>
    <leveled-start>2014-01-17T16:00:00.000Z</leveled-start>
    <child-task idref="t124"/>
    <child-task idref="t125"/>
    <child-task idref="t126"/>
    <child-task idref="t127"/>
    <child-task idref="t128"/>
  </task>
  <task id="t62">
    <title>Assembly</title>
    <leveled-start>2014-07-07T15:00:00.000Z</leveled-start>
    <effort>288000</effort>
    <min-estimate>28800</min-estimate>
  </task>
  <task id="t63">
    <title>Testing</title>
    <leveled-start>2014-07-21T15:00:00.000Z</leveled-start>
    <effort>576000</effort>
    <min-estimate>28800</min-estimate>
    <prerequisite-task idref="t62"/>
  </task>
  <task id="t64">
    <title>Installation</title>
    <leveled-start>2014-08-18T15:00:00.000Z</leveled-start>
    <effort>144000</effort>
    <min-estimate>28800</min-estimate>
    <prerequisite-task idref="t63"/>
  </task>
  <task id="t65">
    <title>Testing</title>
    <leveled-start>2013-02-08T16:00:00.000Z</leveled-start>
    <effort>1728000</effort>
    <min-estimate>28800</min-estimate>
    <prerequisite-task idref="t220"/>
  </task>
  <task id="t66">
    <title>Design</title>
    <leveled-start>2013-04-01T15:00:00.000Z</leveled-start>
    <effort>576000</effort>
    <min-estimate>28800</min-estimate>
    <prerequisite-task idref="t132"/>
  </task>
  <task id="t67">
    <title>Procurement</title>
    <leveled-start>2013-10-01T15:00:00.000Z</leveled-start>
    <effort>576000</effort>
    <min-estimate>28800</min-estimate>
    <prerequisite-task idref="t66"/>
    <prerequisite-task idref="t144"/>
  </task>
  <task id="t68">
    <title>Fabrication</title>
    <leveled-start>2013-10-29T15:00:00.000Z</leveled-start>
    <effort>288000</effort>
    <min-estimate>28800</min-estimate>
    <prerequisite-task idref="t67"/>
  </task>
  <task id="t69">
    <title>Assembly</title>
    <leveled-start>2013-11-12T16:00:00.000Z</leveled-start>
    <effort>288000</effort>
    <min-estimate>28800</min-estimate>
    <prerequisite-task idref="t68"/>
  </task>
  <task id="t70">
    <title>Testing</title>
    <leveled-start>2013-11-26T16:00:00.000Z</leveled-start>
    <effort>288000</effort>
    <min-estimate>28800</min-estimate>
    <prerequisite-task idref="t69"/>
  </task>
  <task id="t72">
    <title>Assembly</title>
    <type>group</type>
    <leveled-start>2014-02-04T16:00:00.000Z</leveled-start>
    <child-task idref="t261"/>
    <prerequisite-task idref="t44"/>
    <prerequisite-task idref="t146"/>
  </task>
  <task id="t73">
    <title>Testing</title>
    <type>group</type>
    <leveled-start>2014-02-04T16:00:00.000Z</leveled-start>
    <child-task idref="t262"/>
    <child-task idref="t263"/>
    <prerequisite-task idref="t72" kind="SS"/>
  </task>
  <task id="t74">
    <title>Design</title>
    <type>group</type>
    <leveled-start>2013-04-29T15:00:00.000Z</leveled-start>
    <child-task idref="t230"/>
    <child-task idref="t231"/>
  </task>
  <task id="t75">
    <title>Procurement</title>
    <type>group</type>
    <leveled-start>2013-10-01T15:00:00.000Z</leveled-start>
    <child-task idref="t228"/>
    <child-task idref="t229"/>
    <prerequisite-task idref="t74"/>
    <prerequisite-task idref="t144"/>
  </task>
  <task id="t76">
    <title>Fabrication</title>
    <leveled-start>2013-10-29T15:00:00.000Z</leveled-start>
    <effort>288000</effort>
    <min-estimate>28800</min-estimate>
    <prerequisite-task idref="t75"/>
  </task>
  <task id="t77">
    <title>Assembly</title>
    <leveled-start>2013-11-12T16:00:00.000Z</leveled-start>
    <effort>576000</effort>
    <min-estimate>28800</min-estimate>
    <prerequisite-task idref="t76"/>
  </task>
  <task id="t78">
    <title>Testing</title>
    <leveled-start>2013-12-10T16:00:00.000Z</leveled-start>
    <effort>144000</effort>
    <min-estimate>28800</min-estimate>
    <prerequisite-task idref="t77"/>
  </task>
  <task id="t83">
    <title>Testing</title>
    <leveled-start>2013-05-27T15:00:00.000Z</leveled-start>
    <effort>288000</effort>
    <min-estimate>28800</min-estimate>
    <prerequisite-task idref="t227"/>
  </task>
  <task id="t84">
    <title>Design</title>
    <leveled-start>2013-08-05T15:00:00.000Z</leveled-start>
    <effort>1152000</effort>
    <min-estimate>28800</min-estimate>
    <start-constraint-date>2013-08-05T15:00:00.000Z</start-constraint-date>
    <start-no-earlier-than>2013-08-05T15:00:00.000Z</start-no-earlier-than>
  </task>
  <task id="t85">
    <title>Procurement</title>
    <leveled-start>2013-09-30T15:00:00.000Z</leveled-start>
    <effort>288000</effort>
    <min-estimate>28800</min-estimate>
    <prerequisite-task idref="t84"/>
  </task>
  <task id="t86">
    <title>Fabrication</title>
    <leveled-start>2013-10-14T15:00:00.000Z</leveled-start>
    <effort>288000</effort>
    <min-estimate>28800</min-estimate>
    <prerequisite-task idref="t85"/>
  </task>
  <task id="t87">
    <title>Assembly </title>
    <leveled-start>2013-10-28T15:00:00.000Z</leveled-start>
    <effort>576000</effort>
    <min-estimate>28800</min-estimate>
    <prerequisite-task idref="t86"/>
  </task>
  <task id="t88">
    <title>Testing</title>
    <leveled-start>2013-11-25T16:00:00.000Z</leveled-start>
    <effort>576000</effort>
    <min-estimate>28800</min-estimate>
    <prerequisite-task idref="t87"/>
  </task>
  <task id="t90">
    <title>Design</title>
    <leveled-start>2013-08-26T15:00:00.000Z</leveled-start>
    <effort>1152000</effort>
    <min-estimate>28800</min-estimate>
    <start-constraint-date>2013-08-26T15:00:00.000Z</start-constraint-date>
    <start-no-earlier-than>2013-08-26T15:00:00.000Z</start-no-earlier-than>
  </task>
  <task id="t91">
    <title>Procurement</title>
    <leveled-start>2013-10-21T15:00:00.000Z</leveled-start>
    <effort>576000</effort>
    <min-estimate>28800</min-estimate>
    <prerequisite-task idref="t90"/>
    <prerequisite-task idref="t144"/>
  </task>
  <task id="t92">
    <title>Fabrication</title>
    <leveled-start>2013-11-18T16:00:00.000Z</leveled-start>
    <effort>288000</effort>
    <min-estimate>28800</min-estimate>
    <prerequisite-task idref="t91"/>
  </task>
  <task id="t93">
    <title>Assembly</title>
    <leveled-start>2013-12-02T16:00:00.000Z</leveled-start>
    <effort>288000</effort>
    <min-estimate>28800</min-estimate>
    <prerequisite-task idref="t92"/>
  </task>
  <task id="t94">
    <title>Testing</title>
    <leveled-start>2013-12-16T16:00:00.000Z</leveled-start>
    <effort>288000</effort>
    <min-estimate>28800</min-estimate>
    <prerequisite-task idref="t93"/>
  </task>
  <task id="t96">
    <title>Assembly</title>
    <type>group</type>
    <leveled-start>2014-03-03T16:00:00.000Z</leveled-start>
    <child-task idref="t269"/>
    <prerequisite-task idref="t35"/>
  </task>
  <task id="t97">
    <title>Testing</title>
    <type>group</type>
    <leveled-start>2014-03-17T15:00:00.000Z</leveled-start>
    <child-task idref="t270"/>
    <child-task idref="t271"/>
    <prerequisite-task idref="t96"/>
  </task>
  <task id="t98">
    <title>Design</title>
    <leveled-start>2013-10-01T15:00:00.000Z</leveled-start>
    <effort>1152000</effort>
    <min-estimate>28800</min-estimate>
    <prerequisite-task idref="t212" kind="FF"/>
  </task>
  <task id="t99">
    <title>Procurement</title>
    <leveled-start>2013-11-26T16:00:00.000Z</leveled-start>
    <effort>576000</effort>
    <min-estimate>28800</min-estimate>
    <prerequisite-task idref="t98"/>
    <prerequisite-task idref="t144"/>
  </task>
  <task id="t100">
    <title>Fabrication</title>
    <leveled-start>2013-12-24T16:00:00.000Z</leveled-start>
    <effort>576000</effort>
    <min-estimate>28800</min-estimate>
    <prerequisite-task idref="t99"/>
  </task>
  <task id="t101">
    <title>Assembly</title>
    <leveled-start>2014-01-21T16:00:00.000Z</leveled-start>
    <effort>288000</effort>
    <min-estimate>28800</min-estimate>
    <prerequisite-task idref="t100"/>
  </task>
  <task id="t102">
    <title>Testing</title>
    <leveled-start>2014-02-04T16:00:00.000Z</leveled-start>
    <effort>288000</effort>
    <min-estimate>28800</min-estimate>
    <prerequisite-task idref="t101"/>
  </task>
  <task id="t103">
    <title>Design</title>
    <leveled-start>2014-01-17T16:00:00.000Z</leveled-start>
    <effort>1152000</effort>
    <min-estimate>28800</min-estimate>
    <prerequisite-task idref="t212"/>
    <prerequisite-task idref="t216"/>
  </task>
  <task id="t104">
    <title>Procurement</title>
    <leveled-start>2014-03-14T15:00:00.000Z</leveled-start>
    <effort>288000</effort>
    <min-estimate>28800</min-estimate>
    <prerequisite-task idref="t103"/>
  </task>
  <task id="t105">
    <title>Fabrication</title>
    <leveled-start>2014-03-28T15:00:00.000Z</leveled-start>
    <effort>576000</effort>
    <min-estimate>28800</min-estimate>
    <prerequisite-task idref="t104"/>
  </task>
  <task id="t106">
    <title>Assembly</title>
    <leveled-start>2014-04-25T15:00:00.000Z</leveled-start>
    <effort>288000</effort>
    <min-estimate>28800</min-estimate>
    <prerequisite-task idref="t105"/>
  </task>
  <task id="t107">
    <title>Testing</title>
    <leveled-start>2014-05-09T15:00:00.000Z</leveled-start>
    <effort>288000</effort>
    <min-estimate>28800</min-estimate>
    <prerequisite-task idref="t106"/>
  </task>
  <task id="t108">
    <title>Design</title>
    <leveled-start>2014-01-17T16:00:00.000Z</leveled-start>
    <effort>1152000</effort>
    <min-estimate>28800</min-estimate>
    <prerequisite-task idref="t103" kind="FF"/>
  </task>
  <task id="t109">
    <title>Procurement</title>
    <leveled-start>2014-03-14T15:00:00.000Z</leveled-start>
    <effort>288000</effort>
    <min-estimate>28800</min-estimate>
    <prerequisite-task idref="t108"/>
    <prerequisite-task idref="t144"/>
  </task>
  <task id="t110">
    <title>Fabrication</title>
    <leveled-start>2014-03-28T15:00:00.000Z</leveled-start>
    <effort>576000</effort>
    <min-estimate>28800</min-estimate>
    <prerequisite-task idref="t109"/>
  </task>
  <task id="t111">
    <title>Assembly</title>
    <leveled-start>2014-04-25T15:00:00.000Z</leveled-start>
    <effort>288000</effort>
    <min-estimate>28800</min-estimate>
    <prerequisite-task idref="t110"/>
  </task>
  <task id="t112">
    <title>Testing</title>
    <leveled-start>2014-05-09T15:00:00.000Z</leveled-start>
    <effort>288000</effort>
    <min-estimate>28800</min-estimate>
    <prerequisite-task idref="t111"/>
  </task>
  <task id="t113">
    <title>Design</title>
    <leveled-start>2013-10-28T15:00:00.000Z</leveled-start>
    <effort>288000</effort>
    <min-estimate>28800</min-estimate>
    <prerequisite-task idref="t212" kind="FF"/>
  </task>
  <task id="t114">
    <title>Procurement</title>
    <leveled-start>2013-11-11T16:00:00.000Z</leveled-start>
    <effort>288000</effort>
    <min-estimate>28800</min-estimate>
    <prerequisite-task idref="t113"/>
    <prerequisite-task idref="t144"/>
  </task>
  <task id="t115">
    <title>Fabrication</title>
    <leveled-start>2013-11-25T16:00:00.000Z</leveled-start>
    <effort>288000</effort>
    <min-estimate>28800</min-estimate>
    <prerequisite-task idref="t114"/>
  </task>
  <task id="t116">
    <title>Assembly</title>
    <leveled-start>2013-12-09T16:00:00.000Z</leveled-start>
    <effort>288000</effort>
    <min-estimate>28800</min-estimate>
    <prerequisite-task idref="t115"/>
  </task>
  <task id="t117">
    <title>Testing</title>
    <leveled-start>2013-12-23T16:00:00.000Z</leveled-start>
    <effort>288000</effort>
    <min-estimate>28800</min-estimate>
    <prerequisite-task idref="t116"/>
  </task>
  <task id="t118">
    <title>Design</title>
    <leveled-start>2013-10-01T15:00:00.000Z</leveled-start>
    <effort>1728000</effort>
    <min-estimate>28800</min-estimate>
  </task>
  <task id="t119">
    <title>Procurement</title>
    <leveled-start>2013-12-24T16:00:00.000Z</leveled-start>
    <effort>1728000</effort>
    <min-estimate>28800</min-estimate>
    <prerequisite-task idref="t118"/>
    <prerequisite-task idref="t144"/>
  </task>
  <task id="t120">
    <title>Fabrication</title>
    <leveled-start>2014-03-18T15:00:00.000Z</leveled-start>
    <effort>288000</effort>
    <min-estimate>28800</min-estimate>
    <prerequisite-task idref="t119"/>
    <prerequisite-task idref="t410"/>
  </task>
  <task id="t121">
    <title>Assembly</title>
    <leveled-start>2014-04-01T15:00:00.000Z</leveled-start>
    <effort>288000</effort>
    <min-estimate>28800</min-estimate>
    <prerequisite-task idref="t120"/>
  </task>
  <task id="t122">
    <title>Testing</title>
    <leveled-start>2014-04-15T15:00:00.000Z</leveled-start>
    <effort>576000</effort>
    <min-estimate>28800</min-estimate>
    <prerequisite-task idref="t121"/>
  </task>
  <task id="t124">
    <title>Design</title>
    <leveled-start>2014-01-17T16:00:00.000Z</leveled-start>
    <effort>576000</effort>
    <min-estimate>28800</min-estimate>
    <prerequisite-task idref="t257"/>
    <prerequisite-task idref="t266"/>
  </task>
  <task id="t125">
    <title>Procurement</title>
    <leveled-start>2014-02-14T16:00:00.000Z</leveled-start>
    <effort>1152000</effort>
    <min-estimate>28800</min-estimate>
    <prerequisite-task idref="t124"/>
  </task>
  <task id="t126">
    <title>Fabrication</title>
    <leveled-start>2014-04-11T15:00:00.000Z</leveled-start>
    <effort>1152000</effort>
    <min-estimate>28800</min-estimate>
    <max-estimate>1728000</max-estimate>
    <prerequisite-task idref="t125"/>
  </task>
  <task id="t127">
    <title>Assembly</title>
    <leveled-start>2014-06-06T15:00:00.000Z</leveled-start>
    <effort>288000</effort>
    <min-estimate>28800</min-estimate>
    <max-estimate>576000</max-estimate>
    <prerequisite-task idref="t126"/>
  </task>
  <task id="t128">
    <title>Testing</title>
    <leveled-start>2014-06-20T15:00:00.000Z</leveled-start>
    <effort>288000</effort>
    <min-estimate>28800</min-estimate>
    <max-estimate>576000</max-estimate>
    <prerequisite-task idref="t127"/>
  </task>
  <task id="t131">
    <title>SVT returns from JLab</title>
    <type>milestone</type>
    <leveled-start>2013-02-01T16:00:00.000Z</leveled-start>
    <start-constraint-date>2013-02-01T16:00:00.000Z</start-constraint-date>
    <start-no-earlier-than>2013-02-01T16:00:00.000Z</start-no-earlier-than>
  </task>
  <task id="t132">
    <title>Prototyping</title>
    <leveled-start>2013-01-07T16:00:00.000Z</leveled-start>
    <effort>1728000</effort>
    <min-estimate>28800</min-estimate>
  </task>
  <task id="t143">
    <title>Testing</title>
    <leveled-start>2014-06-06T15:00:00.000Z</leveled-start>
    <effort>288000</effort>
    <min-estimate>28800</min-estimate>
    <prerequisite-task idref="t59"/>
  </task>
  <task id="t144">
    <title>Project funded</title>
    <type>milestone</type>
    <leveled-start>2013-10-01T15:00:00.000Z</leveled-start>
    <start-constraint-date>2013-10-01T15:00:00.000Z</start-constraint-date>
    <start-no-earlier-than>2013-10-01T15:00:00.000Z</start-no-earlier-than>
  </task>
  <task id="t145">
    <title>Layers 1-3 complete</title>
    <type>milestone</type>
    <leveled-start>2014-04-15T00:00:00.000Z</leveled-start>
    <prerequisite-task idref="t226"/>
  </task>
  <task id="t146">
    <title>Layers 1-3 modules complete</title>
    <type>milestone</type>
    <leveled-start>2014-02-04T01:00:00.000Z</leveled-start>
    <prerequisite-task idref="t169"/>
  </task>
  <task id="t147">
    <title>Layers 1-3 Support plates complete</title>
    <type>milestone</type>
    <leveled-start>2014-03-18T00:00:00.000Z</leveled-start>
    <prerequisite-task idref="t73"/>
  </task>
  <task id="t148">
    <title>Layers 4-6 Half Modules Complete</title>
    <type>milestone</type>
    <leveled-start>2014-01-18T01:00:00.000Z</leveled-start>
    <prerequisite-task idref="t199"/>
  </task>
  <task id="t149">
    <title>Layers 4-6 Modules Complete</title>
    <type>milestone</type>
    <leveled-start>2014-03-01T01:00:00.000Z</leveled-start>
    <prerequisite-task idref="t253"/>
  </task>
  <task id="t150">
    <title>Layers 4-6 complete</title>
    <type>milestone</type>
    <leveled-start>2014-05-24T00:00:00.000Z</leveled-start>
    <prerequisite-task idref="t256"/>
  </task>
  <task id="t159">
    <title>Tracker Support Complete</title>
    <type>milestone</type>
    <leveled-start>2014-06-20T00:00:00.000Z</leveled-start>
    <prerequisite-task idref="t143"/>
  </task>
  <task id="t160">
    <title>Services complete</title>
    <type>milestone</type>
    <leveled-start>2014-07-04T00:00:00.000Z</leveled-start>
    <prerequisite-task idref="t117"/>
    <prerequisite-task idref="t122"/>
    <prerequisite-task idref="t128"/>
  </task>
  <task id="t161">
    <title>SVT ready to ship</title>
    <type>milestone</type>
    <leveled-start>2014-07-05T00:00:00.000Z</leveled-start>
    <prerequisite-task idref="t46"/>
    <prerequisite-task idref="t160"/>
  </task>
  <task id="t162">
    <title>SVT project complete</title>
    <type>milestone</type>
    <leveled-start>2014-08-23T00:00:00.000Z</leveled-start>
    <prerequisite-task idref="t64"/>
  </task>
  <task id="t163">
    <title>Layers 1-3 Half Modules Complete</title>
    <type>milestone</type>
    <leveled-start>2013-05-03T00:00:00.000Z</leveled-start>
    <prerequisite-task idref="t65"/>
  </task>
  <task id="t164">
    <title>Design</title>
    <type>group</type>
    <leveled-start>2013-04-29T15:00:00.000Z</leveled-start>
    <child-task idref="t170"/>
    <child-task idref="t171"/>
    <prerequisite-task idref="t66"/>
  </task>
  <task id="t166">
    <title>Procurement</title>
    <type>group</type>
    <leveled-start>2013-10-01T15:00:00.000Z</leveled-start>
    <child-task idref="t173"/>
    <prerequisite-task idref="t144"/>
  </task>
  <task id="t167">
    <title>Fabrication</title>
    <type>group</type>
    <leveled-start>2013-10-29T15:00:00.000Z</leveled-start>
    <child-task idref="t174"/>
  </task>
  <task id="t168">
    <title>Assembly</title>
    <type>group</type>
    <leveled-start>2013-12-10T16:00:00.000Z</leveled-start>
    <child-task idref="t175"/>
    <child-task idref="t176"/>
    <prerequisite-task idref="t39"/>
    <prerequisite-task idref="t163"/>
  </task>
  <task id="t169">
    <title>Testing</title>
    <type>group</type>
    <leveled-start>2014-01-07T16:00:00.000Z</leveled-start>
    <child-task idref="t177"/>
    <child-task idref="t178"/>
  </task>
  <task id="t170">
    <title>Module</title>
    <leveled-start>2013-04-29T15:00:00.000Z</leveled-start>
    <effort>576000</effort>
    <min-estimate>28800</min-estimate>
  </task>
  <task id="t171">
    <title>Assembly fixture</title>
    <leveled-start>2013-04-29T15:00:00.000Z</leveled-start>
    <effort>576000</effort>
    <min-estimate>28800</min-estimate>
    <prerequisite-task idref="t170" kind="FF"/>
  </task>
  <task id="t173">
    <title>Module assembly fixture</title>
    <leveled-start>2013-10-01T15:00:00.000Z</leveled-start>
    <effort>576000</effort>
    <min-estimate>28800</min-estimate>
    <prerequisite-task idref="t171"/>
  </task>
  <task id="t174">
    <title>Module assembly fixture</title>
    <leveled-start>2013-10-29T15:00:00.000Z</leveled-start>
    <effort>144000</effort>
    <min-estimate>28800</min-estimate>
    <prerequisite-task idref="t173"/>
  </task>
  <task id="t175">
    <title>Half module preparation</title>
    <leveled-start>2013-12-10T16:00:00.000Z</leveled-start>
    <effort>288000</effort>
    <min-estimate>28800</min-estimate>
  </task>
  <task id="t176">
    <title>Module assembly</title>
    <leveled-start>2013-12-24T16:00:00.000Z</leveled-start>
    <effort>288000</effort>
    <min-estimate>28800</min-estimate>
    <prerequisite-task idref="t175"/>
  </task>
  <task id="t177">
    <title>DAQ testing</title>
    <leveled-start>2014-01-07T16:00:00.000Z</leveled-start>
    <effort>576000</effort>
    <min-estimate>28800</min-estimate>
    <prerequisite-task idref="t176"/>
  </task>
  <task id="t178">
    <title>Survey</title>
    <leveled-start>2014-01-21T16:00:00.000Z</leveled-start>
    <effort>288000</effort>
    <min-estimate>28800</min-estimate>
    <prerequisite-task idref="t177" kind="FF"/>
  </task>
  <task id="t181">
    <title>Design</title>
    <type>group</type>
    <leveled-start>2013-08-19T15:00:00.000Z</leveled-start>
    <child-task idref="t212"/>
  </task>
  <task id="t182">
    <title>Procurement</title>
    <type>group</type>
    <leveled-start>2013-11-11T16:00:00.000Z</leveled-start>
    <child-task idref="t221"/>
    <prerequisite-task idref="t144"/>
  </task>
  <task id="t183">
    <title>Fabrication</title>
    <type>group</type>
    <leveled-start>2013-12-09T16:00:00.000Z</leveled-start>
    <child-task idref="t222"/>
  </task>
  <task id="t184">
    <title>Assembly</title>
    <type>group</type>
    <leveled-start>2014-03-18T15:00:00.000Z</leveled-start>
    <child-task idref="t223"/>
    <prerequisite-task idref="t147"/>
  </task>
  <task id="t185">
    <title>Testing</title>
    <type>group</type>
    <leveled-start>2014-04-01T15:00:00.000Z</leveled-start>
    <child-task idref="t226"/>
  </task>
  <task id="t186">
    <title>Design</title>
    <type>group</type>
    <leveled-start>2013-10-25T15:00:00.000Z</leveled-start>
    <child-task idref="t216"/>
  </task>
  <task id="t187">
    <title>Procurement</title>
    <type>group</type>
    <leveled-start>2014-01-17T16:00:00.000Z</leveled-start>
    <child-task idref="t218"/>
    <prerequisite-task idref="t144"/>
  </task>
  <task id="t188">
    <title>Fabrication</title>
    <type>group</type>
    <leveled-start>2014-01-17T16:00:00.000Z</leveled-start>
    <child-task idref="t217"/>
  </task>
  <task id="t189">
    <title>Assembly</title>
    <type>group</type>
    <leveled-start>2014-04-28T15:00:00.000Z</leveled-start>
    <child-task idref="t254"/>
    <prerequisite-task idref="t192"/>
  </task>
  <task id="t191">
    <title>Testing</title>
    <type>group</type>
    <leveled-start>2014-05-12T15:00:00.000Z</leveled-start>
    <child-task idref="t256"/>
  </task>
  <task id="t192">
    <title>Layers 4-6 support plates complete</title>
    <type>milestone</type>
    <leveled-start>2014-04-26T00:00:00.000Z</leveled-start>
    <prerequisite-task idref="t97"/>
  </task>
  <task id="t195">
    <title>Design</title>
    <type>group</type>
    <leveled-start>2013-08-05T15:00:00.000Z</leveled-start>
    <child-task idref="t204"/>
    <child-task idref="t200"/>
    <child-task idref="t201"/>
    <child-task idref="t202"/>
  </task>
  <task id="t196">
    <title>Procurement</title>
    <type>group</type>
    <leveled-start>2013-10-14T15:00:00.000Z</leveled-start>
    <child-task idref="t205"/>
    <child-task idref="t206"/>
    <child-task idref="t207"/>
  </task>
  <task id="t197">
    <title>Fabrication</title>
    <type>group</type>
    <leveled-start>2013-11-25T16:00:00.000Z</leveled-start>
    <child-task idref="t232"/>
  </task>
  <task id="t198">
    <title>Assembly</title>
    <type>group</type>
    <leveled-start>2013-12-09T16:00:00.000Z</leveled-start>
    <child-task idref="t209"/>
    <child-task idref="t210"/>
    <prerequisite-task idref="t88" kind="SS"/>
    <prerequisite-task idref="t144"/>
  </task>
  <task id="t199">
    <title>Testing</title>
    <type>group</type>
    <leveled-start>2013-12-09T16:00:00.000Z</leveled-start>
    <child-task idref="t211"/>
  </task>
  <task id="t200">
    <title>Support assembly fixture</title>
    <leveled-start>2013-09-30T15:00:00.000Z</leveled-start>
    <effort>288000</effort>
    <min-estimate>28800</min-estimate>
    <prerequisite-task idref="t204"/>
  </task>
  <task id="t201">
    <title>Half-module assembly fixture</title>
    <leveled-start>2013-09-30T15:00:00.000Z</leveled-start>
    <effort>576000</effort>
    <min-estimate>28800</min-estimate>
    <prerequisite-task idref="t204"/>
  </task>
  <task id="t202">
    <title>Wirebonding fixture</title>
    <leveled-start>2013-09-30T15:00:00.000Z</leveled-start>
    <effort>576000</effort>
    <min-estimate>28800</min-estimate>
    <prerequisite-task idref="t204"/>
  </task>
  <task id="t204">
    <title>Half-module design</title>
    <leveled-start>2013-08-05T15:00:00.000Z</leveled-start>
    <effort>1152000</effort>
    <min-estimate>28800</min-estimate>
    <prerequisite-task idref="t84" kind="FF"/>
    <prerequisite-task idref="t231" kind="FF"/>
  </task>
  <task id="t205">
    <title>Support assembly fixture</title>
    <leveled-start>2013-10-14T15:00:00.000Z</leveled-start>
    <effort>576000</effort>
    <min-estimate>28800</min-estimate>
    <prerequisite-task idref="t200"/>
  </task>
  <task id="t206">
    <title>Half-module assembly fixture</title>
    <leveled-start>2013-10-28T15:00:00.000Z</leveled-start>
    <effort>576000</effort>
    <min-estimate>28800</min-estimate>
    <prerequisite-task idref="t201"/>
  </task>
  <task id="t207">
    <title>Wirebonding fixture</title>
    <leveled-start>2013-10-28T15:00:00.000Z</leveled-start>
    <effort>576000</effort>
    <min-estimate>28800</min-estimate>
    <prerequisite-task idref="t202"/>
  </task>
  <task id="t209">
    <title>half-module assembly</title>
    <leveled-start>2013-12-09T16:00:00.000Z</leveled-start>
    <effort>1152000</effort>
    <min-estimate>28800</min-estimate>
    <prerequisite-task idref="t197"/>
  </task>
  <task id="t210">
    <title>wirebonding</title>
    <leveled-start>2013-12-09T16:00:00.000Z</leveled-start>
    <effort>1152000</effort>
    <min-estimate>28800</min-estimate>
    <prerequisite-task idref="t209" kind="SS"/>
  </task>
  <task id="t211">
    <title>DAQ testing</title>
    <leveled-start>2013-12-09T16:00:00.000Z</leveled-start>
    <effort>864000</effort>
    <min-estimate>28800</min-estimate>
    <max-estimate>1728000</max-estimate>
    <prerequisite-task idref="t210" kind="SS"/>
  </task>
  <task id="t212">
    <title>Layers 1-3 design</title>
    <leveled-start>2013-08-19T15:00:00.000Z</leveled-start>
    <effort>1728000</effort>
    <min-estimate>28800</min-estimate>
    <prerequisite-task idref="t257"/>
  </task>
  <task id="t216">
    <title>Layers 4-6 Design</title>
    <leveled-start>2013-10-25T15:00:00.000Z</leveled-start>
    <effort>1728000</effort>
    <min-estimate>28800</min-estimate>
    <prerequisite-task idref="t266" kind="FF"/>
  </task>
  <task id="t217">
    <title>Small parts</title>
    <leveled-start>2014-01-17T16:00:00.000Z</leveled-start>
    <effort>288000</effort>
    <min-estimate>28800</min-estimate>
    <prerequisite-task idref="t216"/>
  </task>
  <task id="t218">
    <title>Hardware</title>
    <leveled-start>2014-01-17T16:00:00.000Z</leveled-start>
    <effort>576000</effort>
    <min-estimate>28800</min-estimate>
    <prerequisite-task idref="t216"/>
  </task>
  <task id="t220">
    <title>Disassembly</title>
    <leveled-start>2013-02-01T16:00:00.000Z</leveled-start>
    <effort>144000</effort>
    <min-estimate>28800</min-estimate>
    <prerequisite-task idref="t131"/>
  </task>
  <task id="t221">
    <title>Hardware</title>
    <leveled-start>2013-11-11T16:00:00.000Z</leveled-start>
    <effort>576000</effort>
    <min-estimate>28800</min-estimate>
    <prerequisite-task idref="t212"/>
  </task>
  <task id="t222">
    <title>Small parts</title>
    <leveled-start>2013-12-09T16:00:00.000Z</leveled-start>
    <effort>288000</effort>
    <min-estimate>28800</min-estimate>
    <prerequisite-task idref="t221"/>
  </task>
  <task id="t223">
    <title>Layer 1-3 assembly</title>
    <leveled-start>2014-03-18T15:00:00.000Z</leveled-start>
    <effort>288000</effort>
    <min-estimate>28800</min-estimate>
    <prerequisite-task idref="t183"/>
    <prerequisite-task idref="t354"/>
    <prerequisite-task idref="t355"/>
  </task>
  <task id="t226">
    <title>Survey</title>
    <leveled-start>2014-04-01T15:00:00.000Z</leveled-start>
    <effort>288000</effort>
    <min-estimate>28800</min-estimate>
    <prerequisite-task idref="t223"/>
  </task>
  <task id="t227">
    <title>Procurement</title>
    <leveled-start>2013-04-29T15:00:00.000Z</leveled-start>
    <effort>576000</effort>
    <min-estimate>28800</min-estimate>
  </task>
  <task id="t228">
    <title>Carbon fiber</title>
    <leveled-start>2013-10-01T15:00:00.000Z</leveled-start>
    <effort>576000</effort>
    <min-estimate>28800</min-estimate>
  </task>
  <task id="t229">
    <title>Kapton</title>
    <leveled-start>2013-10-01T15:00:00.000Z</leveled-start>
    <effort>576000</effort>
    <min-estimate>28800</min-estimate>
    <prerequisite-task idref="t228" kind="FF"/>
  </task>
  <task id="t230">
    <title>Carbon Fiber</title>
    <leveled-start>2013-04-29T15:00:00.000Z</leveled-start>
    <effort>576000</effort>
    <min-estimate>28800</min-estimate>
  </task>
  <task id="t231">
    <title>Kapton</title>
    <leveled-start>2013-04-29T15:00:00.000Z</leveled-start>
    <effort>576000</effort>
    <min-estimate>28800</min-estimate>
    <prerequisite-task idref="t230" kind="FF"/>
  </task>
  <task id="t232">
    <title>Small parts</title>
    <leveled-start>2013-11-25T16:00:00.000Z</leveled-start>
    <effort>288000</effort>
    <min-estimate>28800</min-estimate>
    <prerequisite-task idref="t196"/>
  </task>
  <task id="t241">
    <title>Design</title>
    <type>group</type>
    <leveled-start>2013-10-21T15:00:00.000Z</leveled-start>
    <child-task idref="t247"/>
    <child-task idref="t248"/>
  </task>
  <task id="t242">
    <title>Procurement</title>
    <type>group</type>
    <leveled-start>2013-12-16T16:00:00.000Z</leveled-start>
    <child-task idref="t249"/>
    <prerequisite-task idref="t144"/>
  </task>
  <task id="t243">
    <title>Fabrication</title>
    <type>group</type>
    <leveled-start>2014-01-13T16:00:00.000Z</leveled-start>
    <child-task idref="t250"/>
  </task>
  <task id="t244">
    <title>Assembly</title>
    <type>group</type>
    <leveled-start>2014-01-20T16:00:00.000Z</leveled-start>
    <child-task idref="t251"/>
  </task>
  <task id="t246">
    <title>Testing</title>
    <type>group</type>
    <leveled-start>2014-01-20T16:00:00.000Z</leveled-start>
    <child-task idref="t252"/>
    <child-task idref="t253"/>
    <prerequisite-task idref="t244" kind="SS"/>
  </task>
  <task id="t247">
    <title>Module</title>
    <leveled-start>2013-10-21T15:00:00.000Z</leveled-start>
    <effort>1152000</effort>
    <min-estimate>28800</min-estimate>
    <prerequisite-task idref="t90"/>
    <prerequisite-task idref="t204" kind="FF"/>
  </task>
  <task id="t248">
    <title>Module assembly fixture</title>
    <leveled-start>2013-12-02T16:00:00.000Z</leveled-start>
    <effort>288000</effort>
    <min-estimate>28800</min-estimate>
    <prerequisite-task idref="t247" kind="FF"/>
  </task>
  <task id="t249">
    <title>Module assembly fixture</title>
    <leveled-start>2013-12-16T16:00:00.000Z</leveled-start>
    <effort>576000</effort>
    <min-estimate>28800</min-estimate>
    <prerequisite-task idref="t248"/>
  </task>
  <task id="t250">
    <title>Module assembly fixture</title>
    <leveled-start>2014-01-13T16:00:00.000Z</leveled-start>
    <effort>144000</effort>
    <min-estimate>28800</min-estimate>
    <prerequisite-task idref="t249"/>
  </task>
  <task id="t251">
    <title>Modules</title>
    <leveled-start>2014-01-20T16:00:00.000Z</leveled-start>
    <effort>576000</effort>
    <min-estimate>28800</min-estimate>
    <prerequisite-task idref="t148"/>
    <prerequisite-task idref="t250"/>
  </task>
  <task id="t252">
    <title>DAQ testing</title>
    <leveled-start>2014-01-20T16:00:00.000Z</leveled-start>
    <effort>576000</effort>
    <min-estimate>28800</min-estimate>
  </task>
  <task id="t253">
    <title>Survey</title>
    <leveled-start>2014-02-17T16:00:00.000Z</leveled-start>
    <effort>288000</effort>
    <min-estimate>28800</min-estimate>
    <prerequisite-task idref="t252"/>
  </task>
  <task id="t254">
    <title>Layer 4-6 assembly</title>
    <leveled-start>2014-04-28T15:00:00.000Z</leveled-start>
    <effort>288000</effort>
    <min-estimate>28800</min-estimate>
    <prerequisite-task idref="t217"/>
    <prerequisite-task idref="t218"/>
    <prerequisite-task idref="t356"/>
    <prerequisite-task idref="t357"/>
  </task>
  <task id="t256">
    <title>Survey</title>
    <leveled-start>2014-05-12T15:00:00.000Z</leveled-start>
    <effort>288000</effort>
    <min-estimate>28800</min-estimate>
    <prerequisite-task idref="t254"/>
  </task>
  <task id="t257">
    <title>Support plate</title>
    <leveled-start>2013-05-27T15:00:00.000Z</leveled-start>
    <effort>1728000</effort>
    <min-estimate>28800</min-estimate>
    <prerequisite-task idref="t170"/>
  </task>
  <task id="t259">
    <title>Support plate</title>
    <leveled-start>2013-10-01T15:00:00.000Z</leveled-start>
    <effort>576000</effort>
    <min-estimate>28800</min-estimate>
  </task>
  <task id="t260">
    <title>Small parts</title>
    <leveled-start>2013-10-29T15:00:00.000Z</leveled-start>
    <effort>288000</effort>
    <min-estimate>28800</min-estimate>
  </task>
  <task id="t261">
    <title>Module mounting</title>
    <leveled-start>2014-02-04T16:00:00.000Z</leveled-start>
    <effort>288000</effort>
    <min-estimate>28800</min-estimate>
  </task>
  <task id="t262">
    <title>DAQ testing</title>
    <leveled-start>2014-02-04T16:00:00.000Z</leveled-start>
    <effort>864000</effort>
    <min-estimate>28800</min-estimate>
    <max-estimate>1728000</max-estimate>
  </task>
  <task id="t263">
    <title>Survey</title>
    <leveled-start>2014-02-04T16:00:00.000Z</leveled-start>
    <effort>288000</effort>
    <min-estimate>28800</min-estimate>
  </task>
  <task id="t264">
    <title>Milestones</title>
    <type>group</type>
    <leveled-start>2013-02-01T16:00:00.000Z</leveled-start>
    <child-task idref="t131"/>
    <child-task idref="t144"/>
  </task>
  <task id="t266">
    <title>Support plate</title>
    <leveled-start>2013-10-25T15:00:00.000Z</leveled-start>
    <effort>1728000</effort>
    <min-estimate>28800</min-estimate>
    <start-constraint-date>2013-10-25T15:00:00.000Z</start-constraint-date>
    <prerequisite-task idref="t247" kind="FF"/>
    <start-no-earlier-than>2013-10-25T15:00:00.000Z</start-no-earlier-than>
  </task>
  <task id="t267">
    <title>Support plate</title>
    <leveled-start>2014-01-17T16:00:00.000Z</leveled-start>
    <effort>576000</effort>
    <min-estimate>28800</min-estimate>
  </task>
  <task id="t268">
    <title>Small parts</title>
    <leveled-start>2014-02-14T16:00:00.000Z</leveled-start>
    <effort>288000</effort>
    <min-estimate>28800</min-estimate>
  </task>
  <task id="t269">
    <title>Module mounting</title>
    <leveled-start>2014-03-03T16:00:00.000Z</leveled-start>
    <effort>288000</effort>
    <min-estimate>28800</min-estimate>
    <prerequisite-task idref="t149"/>
  </task>
  <task id="t270">
    <title>DAQ testing</title>
    <leveled-start>2014-03-17T15:00:00.000Z</leveled-start>
    <effort>864000</effort>
    <min-estimate>28800</min-estimate>
    <max-estimate>1728000</max-estimate>
  </task>
  <task id="t271">
    <title>Survey</title>
    <leveled-start>2014-03-17T15:00:00.000Z</leveled-start>
    <effort>288000</effort>
    <min-estimate>28800</min-estimate>
  </task>
  <task id="t342">
    <title>SVT DAQ</title>
    <type>group</type>
    <leveled-start>2013-08-05T15:00:00.000Z</leveled-start>
    <child-task idref="t29"/>
    <child-task idref="t344"/>
    <child-task idref="t347"/>
    <child-task idref="t345"/>
    <child-task idref="t346"/>
    <child-task idref="t422"/>
    <child-task idref="t348"/>
    <child-task idref="t421"/>
  </task>
  <task id="t344">
    <title>FE Boards</title>
    <type>group</type>
    <leveled-start>2013-12-02T16:00:00.000Z</leveled-start>
    <start-constraint-date>2013-12-02T16:00:00.000Z</start-constraint-date>
    <child-task idref="t349"/>
    <child-task idref="t350"/>
    <child-task idref="t352"/>
    <child-task idref="t411"/>
    <child-task idref="t353"/>
    <child-task idref="t416"/>
    <start-no-earlier-than>2013-12-02T16:00:00.000Z</start-no-earlier-than>
  </task>
  <task id="t345">
    <title>Cables</title>
    <type>group</type>
    <leveled-start>2014-02-03T16:00:00.000Z</leveled-start>
    <start-constraint-date>2014-02-03T16:00:00.000Z</start-constraint-date>
    <child-task idref="t354"/>
    <child-task idref="t355"/>
    <child-task idref="t356"/>
    <child-task idref="t357"/>
    <child-task idref="t358"/>
    <child-task idref="t359"/>
    <child-task idref="t360"/>
    <child-task idref="t423"/>
    <child-task idref="t424"/>
    <child-task idref="t418"/>
    <start-no-earlier-than>2014-02-03T16:00:00.000Z</start-no-earlier-than>
  </task>
  <task id="t346">
    <title>ATCA DAQ</title>
    <type>group</type>
    <leveled-start>2014-01-06T16:00:00.000Z</leveled-start>
    <start-constraint-date>2014-01-06T16:00:00.000Z</start-constraint-date>
    <child-task idref="t361"/>
    <child-task idref="t362"/>
    <child-task idref="t420"/>
    <start-no-earlier-than>2014-01-06T16:00:00.000Z</start-no-earlier-than>
  </task>
  <task id="t347">
    <title>Flange Boards</title>
    <type>group</type>
    <leveled-start>2013-11-25T16:00:00.000Z</leveled-start>
    <start-constraint-date>2013-11-25T16:00:00.000Z</start-constraint-date>
    <child-task idref="t407"/>
    <child-task idref="t408"/>
    <child-task idref="t409"/>
    <child-task idref="t410"/>
    <child-task idref="t417"/>
    <start-no-earlier-than>2013-11-25T16:00:00.000Z</start-no-earlier-than>
  </task>
  <task id="t348">
    <title>Integration</title>
    <type>group</type>
    <leveled-start>2014-05-26T15:00:00.000Z</leveled-start>
    <child-task idref="t402"/>
    <child-task idref="t404"/>
  </task>
  <task id="t349">
    <title>Design</title>
    <leveled-start>2013-12-02T16:00:00.000Z</leveled-start>
    <effort>864000</effort>
    <min-estimate>28800</min-estimate>
  </task>
  <task id="t350">
    <title>Procurement</title>
    <leveled-start>2014-01-13T16:00:00.000Z</leveled-start>
    <effort>144000</effort>
    <min-estimate>28800</min-estimate>
    <max-estimate>184051</max-estimate>
    <prerequisite-task idref="t349"/>
  </task>
  <task id="t352">
    <title>Assembly</title>
    <leveled-start>2014-01-20T16:00:00.000Z</leveled-start>
    <effort>144000</effort>
    <min-estimate>28800</min-estimate>
    <prerequisite-task idref="t350"/>
  </task>
  <task id="t353">
    <title>Testing</title>
    <leveled-start>2014-01-27T16:00:00.000Z</leveled-start>
    <effort>144000</effort>
    <min-estimate>28800</min-estimate>
    <prerequisite-task idref="t352"/>
    <prerequisite-task idref="t411"/>
  </task>
  <task id="t354">
    <title>L1-L3 Aggregators</title>
    <type>group</type>
    <leveled-start>2014-02-03T16:00:00.000Z</leveled-start>
    <child-task idref="t372"/>
    <child-task idref="t373"/>
    <child-task idref="t375"/>
    <child-task idref="t376"/>
  </task>
  <task id="t355">
    <title>L1-L3 FEB Cables</title>
    <type>group</type>
    <leveled-start>2014-02-03T16:00:00.000Z</leveled-start>
    <child-task idref="t378"/>
    <child-task idref="t379"/>
    <child-task idref="t380"/>
    <child-task idref="t381"/>
  </task>
  <task id="t356">
    <title>L4-L6 Aggregators</title>
    <type>group</type>
    <leveled-start>2014-02-03T16:00:00.000Z</leveled-start>
    <child-task idref="t382"/>
    <child-task idref="t383"/>
    <child-task idref="t384"/>
    <child-task idref="t385"/>
  </task>
  <task id="t357">
    <title>L4-L6 FEB Cables</title>
    <type>group</type>
    <leveled-start>2014-02-03T16:00:00.000Z</leveled-start>
    <child-task idref="t386"/>
    <child-task idref="t387"/>
    <child-task idref="t388"/>
    <child-task idref="t389"/>
  </task>
  <task id="t358">
    <title>FEB HV Cables</title>
    <type>group</type>
    <leveled-start>2014-02-03T16:00:00.000Z</leveled-start>
    <child-task idref="t390"/>
    <child-task idref="t391"/>
    <child-task idref="t392"/>
    <child-task idref="t393"/>
  </task>
  <task id="t359">
    <title>FEB LV Cables</title>
    <type>group</type>
    <leveled-start>2014-02-03T16:00:00.000Z</leveled-start>
    <child-task idref="t394"/>
    <child-task idref="t395"/>
    <child-task idref="t396"/>
    <child-task idref="t397"/>
  </task>
  <task id="t360">
    <title>FEB Data Cables</title>
    <type>group</type>
    <leveled-start>2014-02-03T16:00:00.000Z</leveled-start>
    <child-task idref="t398"/>
    <child-task idref="t399"/>
    <child-task idref="t401"/>
  </task>
  <task id="t361">
    <title>RCE Nodes</title>
    <type>group</type>
    <leveled-start>2014-01-06T16:00:00.000Z</leveled-start>
    <child-task idref="t436"/>
    <child-task idref="t363"/>
    <child-task idref="t364"/>
    <child-task idref="t365"/>
    <child-task idref="t366"/>
    <child-task idref="t367"/>
  </task>
  <task id="t362">
    <title>Trigger RTM</title>
    <type>group</type>
    <leveled-start>2014-01-06T16:00:00.000Z</leveled-start>
    <child-task idref="t368"/>
    <child-task idref="t369"/>
    <child-task idref="t370"/>
    <child-task idref="t371"/>
  </task>
  <task id="t363">
    <title>DTM Firmware</title>
    <leveled-start>2014-03-03T16:00:00.000Z</leveled-start>
    <effort>288000</effort>
    <min-estimate>28800</min-estimate>
    <prerequisite-task idref="t436"/>
  </task>
  <task id="t364">
    <title>DPM Firmware</title>
    <leveled-start>2014-03-17T15:00:00.000Z</leveled-start>
    <effort>576000</effort>
    <min-estimate>28800</min-estimate>
    <prerequisite-task idref="t363"/>
  </task>
  <task id="t365">
    <title>Software</title>
    <leveled-start>2014-04-14T15:00:00.000Z</leveled-start>
    <effort>288000</effort>
    <min-estimate>28800</min-estimate>
    <prerequisite-task idref="t364"/>
  </task>
  <task id="t366">
    <title>ROC Software</title>
    <leveled-start>2014-04-28T15:00:00.000Z</leveled-start>
    <effort>288000</effort>
    <min-estimate>28800</min-estimate>
    <prerequisite-task idref="t365"/>
  </task>
  <task id="t367">
    <title>Testing</title>
    <leveled-start>2014-05-12T15:00:00.000Z</leveled-start>
    <effort>288000</effort>
    <min-estimate>28800</min-estimate>
    <prerequisite-task idref="t366"/>
  </task>
  <task id="t368">
    <title>Design</title>
    <leveled-start>2014-01-06T16:00:00.000Z</leveled-start>
    <effort>288000</effort>
    <min-estimate>28800</min-estimate>
  </task>
  <task id="t369">
    <title>Procurement</title>
    <leveled-start>2014-01-20T16:00:00.000Z</leveled-start>
    <effort>144000</effort>
    <min-estimate>28800</min-estimate>
    <prerequisite-task idref="t368"/>
  </task>
  <task id="t370">
    <title>Assembly</title>
    <leveled-start>2014-01-27T16:00:00.000Z</leveled-start>
    <effort>144000</effort>
    <min-estimate>28800</min-estimate>
    <prerequisite-task idref="t369"/>
  </task>
  <task id="t371">
    <title>Testing</title>
    <leveled-start>2014-04-09T15:00:00.000Z</leveled-start>
    <effort>144000</effort>
    <min-estimate>28800</min-estimate>
    <locked-start-date>2014-04-09T15:00:00.000Z</locked-start-date>
    <prerequisite-task idref="t370"/>
  </task>
  <task id="t372">
    <title>Design</title>
    <leveled-start>2014-02-03T16:00:00.000Z</leveled-start>
    <effort>432000</effort>
    <min-estimate>28800</min-estimate>
    <prerequisite-task idref="t257"/>
  </task>
  <task id="t373">
    <title>Procurement</title>
    <leveled-start>2014-02-24T16:00:00.000Z</leveled-start>
    <effort>144000</effort>
    <min-estimate>28800</min-estimate>
    <prerequisite-task idref="t372"/>
  </task>
  <task id="t375">
    <title>Assembly</title>
    <leveled-start>2014-03-03T16:00:00.000Z</leveled-start>
    <effort>144000</effort>
    <min-estimate>28800</min-estimate>
    <prerequisite-task idref="t373"/>
  </task>
  <task id="t376">
    <title>Testing</title>
    <leveled-start>2014-03-10T15:00:00.000Z</leveled-start>
    <effort>144000</effort>
    <min-estimate>28800</min-estimate>
    <prerequisite-task idref="t375"/>
  </task>
  <task id="t378">
    <title>Design</title>
    <leveled-start>2014-02-03T16:00:00.000Z</leveled-start>
    <effort>432000</effort>
    <min-estimate>28800</min-estimate>
    <prerequisite-task idref="t257"/>
  </task>
  <task id="t379">
    <title>Procurement</title>
    <leveled-start>2014-02-24T16:00:00.000Z</leveled-start>
    <effort>144000</effort>
    <min-estimate>28800</min-estimate>
    <prerequisite-task idref="t378"/>
  </task>
  <task id="t380">
    <title>Assembly</title>
    <leveled-start>2014-03-03T16:00:00.000Z</leveled-start>
    <effort>144000</effort>
    <min-estimate>28800</min-estimate>
    <prerequisite-task idref="t379"/>
  </task>
  <task id="t381">
    <title>Testing</title>
    <leveled-start>2014-03-10T15:00:00.000Z</leveled-start>
    <effort>144000</effort>
    <min-estimate>28800</min-estimate>
    <prerequisite-task idref="t380"/>
  </task>
  <task id="t382">
    <title>Design</title>
    <leveled-start>2014-02-03T16:00:00.000Z</leveled-start>
    <effort>432000</effort>
    <min-estimate>28800</min-estimate>
    <prerequisite-task idref="t266"/>
  </task>
  <task id="t383">
    <title>Procurement</title>
    <leveled-start>2014-02-24T16:00:00.000Z</leveled-start>
    <effort>144000</effort>
    <min-estimate>28800</min-estimate>
    <prerequisite-task idref="t382"/>
  </task>
  <task id="t384">
    <title>Assembly</title>
    <leveled-start>2014-03-03T16:00:00.000Z</leveled-start>
    <effort>144000</effort>
    <min-estimate>28800</min-estimate>
    <prerequisite-task idref="t383"/>
  </task>
  <task id="t385">
    <title>Testing</title>
    <leveled-start>2014-03-10T15:00:00.000Z</leveled-start>
    <effort>144000</effort>
    <min-estimate>28800</min-estimate>
    <prerequisite-task idref="t384"/>
  </task>
  <task id="t386">
    <title>Design</title>
    <leveled-start>2014-02-03T16:00:00.000Z</leveled-start>
    <effort>432000</effort>
    <min-estimate>28800</min-estimate>
    <prerequisite-task idref="t266"/>
  </task>
  <task id="t387">
    <title>Procurement</title>
    <leveled-start>2014-02-24T16:00:00.000Z</leveled-start>
    <effort>144000</effort>
    <min-estimate>28800</min-estimate>
    <prerequisite-task idref="t386"/>
  </task>
  <task id="t388">
    <title>Assembly</title>
    <leveled-start>2014-03-03T16:00:00.000Z</leveled-start>
    <effort>144000</effort>
    <min-estimate>28800</min-estimate>
    <prerequisite-task idref="t387"/>
  </task>
  <task id="t389">
    <title>Testing</title>
    <leveled-start>2014-03-10T15:00:00.000Z</leveled-start>
    <effort>144000</effort>
    <min-estimate>28800</min-estimate>
    <prerequisite-task idref="t388"/>
  </task>
  <task id="t390">
    <title>Design</title>
    <leveled-start>2014-02-03T16:00:00.000Z</leveled-start>
    <effort>432000</effort>
    <min-estimate>28800</min-estimate>
  </task>
  <task id="t391">
    <title>Procurement</title>
    <leveled-start>2014-02-24T16:00:00.000Z</leveled-start>
    <effort>144000</effort>
    <min-estimate>28800</min-estimate>
    <prerequisite-task idref="t390"/>
  </task>
  <task id="t392">
    <title>Assembly</title>
    <leveled-start>2014-03-03T16:00:00.000Z</leveled-start>
    <effort>144000</effort>
    <min-estimate>28800</min-estimate>
    <prerequisite-task idref="t391"/>
  </task>
  <task id="t393">
    <title>Testing</title>
    <leveled-start>2014-03-10T15:00:00.000Z</leveled-start>
    <effort>144000</effort>
    <min-estimate>28800</min-estimate>
    <prerequisite-task idref="t392"/>
  </task>
  <task id="t394">
    <title>Design</title>
    <leveled-start>2014-02-03T16:00:00.000Z</leveled-start>
    <effort>432000</effort>
    <min-estimate>28800</min-estimate>
  </task>
  <task id="t395">
    <title>Procurement</title>
    <leveled-start>2014-02-24T16:00:00.000Z</leveled-start>
    <effort>144000</effort>
    <min-estimate>28800</min-estimate>
    <prerequisite-task idref="t394"/>
  </task>
  <task id="t396">
    <title>Assembly</title>
    <leveled-start>2014-03-03T16:00:00.000Z</leveled-start>
    <effort>144000</effort>
    <min-estimate>28800</min-estimate>
    <prerequisite-task idref="t395"/>
  </task>
  <task id="t397">
    <title>Testing</title>
    <leveled-start>2014-03-10T15:00:00.000Z</leveled-start>
    <effort>144000</effort>
    <min-estimate>28800</min-estimate>
    <prerequisite-task idref="t396"/>
  </task>
  <task id="t398">
    <title>Design</title>
    <leveled-start>2014-02-03T16:00:00.000Z</leveled-start>
    <effort>144000</effort>
    <min-estimate>28800</min-estimate>
    <max-estimate>432000</max-estimate>
  </task>
  <task id="t399">
    <title>Procurement</title>
    <leveled-start>2014-02-10T16:00:00.000Z</leveled-start>
    <effort>576000</effort>
    <min-estimate>28800</min-estimate>
    <prerequisite-task idref="t398"/>
  </task>
  <task id="t401">
    <title>Testing</title>
    <leveled-start>2014-03-10T15:00:00.000Z</leveled-start>
    <effort>144000</effort>
    <min-estimate>28800</min-estimate>
    <prerequisite-task idref="t399"/>
  </task>
  <task id="t402">
    <title>Assembly</title>
    <leveled-start>2014-05-26T15:00:00.000Z</leveled-start>
    <effort>28800</effort>
    <prerequisite-task idref="t88"/>
    <prerequisite-task idref="t345"/>
    <prerequisite-task idref="t353"/>
    <prerequisite-task idref="t367"/>
    <prerequisite-task idref="t367"/>
    <prerequisite-task idref="t371"/>
    <prerequisite-task idref="t410"/>
  </task>
  <task id="t404">
    <title>Testing</title>
    <leveled-start>2014-05-27T15:00:00.000Z</leveled-start>
    <effort>28800</effort>
    <prerequisite-task idref="t402"/>
  </task>
  <task id="t407">
    <title>Design</title>
    <leveled-start>2013-11-25T16:00:00.000Z</leveled-start>
    <effort>288000</effort>
    <min-estimate>28800</min-estimate>
  </task>
  <task id="t408">
    <title>Procurement</title>
    <leveled-start>2013-12-09T16:00:00.000Z</leveled-start>
    <effort>144000</effort>
    <min-estimate>28800</min-estimate>
    <prerequisite-task idref="t407"/>
  </task>
  <task id="t409">
    <title>Assembly</title>
    <leveled-start>2013-12-16T16:00:00.000Z</leveled-start>
    <effort>288000</effort>
    <min-estimate>28800</min-estimate>
    <prerequisite-task idref="t408"/>
  </task>
  <task id="t410">
    <title>Testing</title>
    <leveled-start>2013-12-30T16:00:00.000Z</leveled-start>
    <effort>144000</effort>
    <min-estimate>28800</min-estimate>
    <max-estimate>2390400</max-estimate>
    <prerequisite-task idref="t409"/>
  </task>
  <task id="t411">
    <title>Firmware</title>
    <leveled-start>2013-12-02T16:00:00.000Z</leveled-start>
    <effort>576000</effort>
    <min-estimate>28800</min-estimate>
  </task>
  <task id="t414">
    <title>Hybrids Complete</title>
    <type>milestone</type>
    <leveled-start>2013-12-21T01:00:00.000Z</leveled-start>
    <prerequisite-task idref="t88"/>
  </task>
  <task id="t416">
    <title>FE Boards Complete</title>
    <type>milestone</type>
    <leveled-start>2014-02-01T01:00:00.000Z</leveled-start>
    <prerequisite-task idref="t353"/>
  </task>
  <task id="t417">
    <title>Flange Boards Complete</title>
    <type>milestone</type>
    <leveled-start>2014-01-04T01:00:00.000Z</leveled-start>
    <prerequisite-task idref="t410"/>
  </task>
  <task id="t418">
    <title>Cables Complete</title>
    <type>milestone</type>
    <leveled-start>2014-04-05T00:00:00.000Z</leveled-start>
    <prerequisite-task idref="t354"/>
    <prerequisite-task idref="t355"/>
    <prerequisite-task idref="t356"/>
    <prerequisite-task idref="t357"/>
    <prerequisite-task idref="t358"/>
    <prerequisite-task idref="t359"/>
    <prerequisite-task idref="t360"/>
    <prerequisite-task idref="t429"/>
    <prerequisite-task idref="t432"/>
  </task>
  <task id="t420">
    <title>RCE DAQ Complete</title>
    <type>milestone</type>
    <leveled-start>2014-05-24T00:00:00.000Z</leveled-start>
    <prerequisite-task idref="t367"/>
    <prerequisite-task idref="t371"/>
  </task>
  <task id="t421">
    <title>SVT DAQ Complete</title>
    <type>milestone</type>
    <leveled-start>2014-05-28T00:00:00.000Z</leveled-start>
    <prerequisite-task idref="t404"/>
    <prerequisite-task idref="t418"/>
    <prerequisite-task idref="t426"/>
  </task>
  <task id="t422">
    <title>Power Supplies</title>
    <type>group</type>
    <leveled-start>2013-11-22T16:00:00.000Z</leveled-start>
    <start-constraint-date>2013-11-22T16:00:00.000Z</start-constraint-date>
    <child-task idref="t425"/>
    <child-task idref="t426"/>
    <start-no-earlier-than>2013-11-22T16:00:00.000Z</start-no-earlier-than>
  </task>
  <task id="t423">
    <title>External PS Cables</title>
    <type>group</type>
    <leveled-start>2014-02-03T16:00:00.000Z</leveled-start>
    <child-task idref="t427"/>
    <child-task idref="t428"/>
    <child-task idref="t434"/>
    <child-task idref="t429"/>
  </task>
  <task id="t424">
    <title>External DAQ Cables</title>
    <type>group</type>
    <leveled-start>2014-02-03T16:00:00.000Z</leveled-start>
    <child-task idref="t430"/>
    <child-task idref="t431"/>
    <child-task idref="t435"/>
    <child-task idref="t432"/>
  </task>
  <task id="t425">
    <title>Procurement</title>
    <leveled-start>2013-11-22T16:00:00.000Z</leveled-start>
    <effort>1728000</effort>
    <min-estimate>28800</min-estimate>
    <start-constraint-date>2013-11-22T16:00:00.000Z</start-constraint-date>
    <start-no-earlier-than>2013-11-22T16:00:00.000Z</start-no-earlier-than>
  </task>
  <task id="t426">
    <title>Testing</title>
    <leveled-start>2014-02-14T16:00:00.000Z</leveled-start>
    <effort>144000</effort>
    <min-estimate>28800</min-estimate>
    <start-constraint-date>2014-02-14T16:00:00.000Z</start-constraint-date>
    <prerequisite-task idref="t425"/>
    <start-no-earlier-than>2014-02-14T16:00:00.000Z</start-no-earlier-than>
  </task>
  <task id="t427">
    <title>Design</title>
    <leveled-start>2014-02-03T16:00:00.000Z</leveled-start>
    <effort>144000</effort>
    <min-estimate>28800</min-estimate>
  </task>
  <task id="t428">
    <title>Procurement</title>
    <leveled-start>2014-02-10T16:00:00.000Z</leveled-start>
    <effort>864000</effort>
    <min-estimate>28800</min-estimate>
    <prerequisite-task idref="t427"/>
  </task>
  <task id="t429">
    <title>Testing</title>
    <leveled-start>2014-03-31T15:00:00.000Z</leveled-start>
    <effort>144000</effort>
    <min-estimate>28800</min-estimate>
    <prerequisite-task idref="t434"/>
  </task>
  <task id="t430">
    <title>Design</title>
    <leveled-start>2014-02-03T16:00:00.000Z</leveled-start>
    <effort>144000</effort>
    <min-estimate>28800</min-estimate>
  </task>
  <task id="t431">
    <title>Procurement</title>
    <leveled-start>2014-02-10T16:00:00.000Z</leveled-start>
    <effort>576000</effort>
    <min-estimate>28800</min-estimate>
    <prerequisite-task idref="t430"/>
  </task>
  <task id="t432">
    <title>Testing</title>
    <leveled-start>2014-03-17T15:00:00.000Z</leveled-start>
    <effort>144000</effort>
    <min-estimate>28800</min-estimate>
    <prerequisite-task idref="t435"/>
  </task>
  <task id="t434">
    <title>Assembly</title>
    <leveled-start>2014-03-24T15:00:00.000Z</leveled-start>
    <effort>144000</effort>
    <min-estimate>28800</min-estimate>
    <prerequisite-task idref="t428"/>
  </task>
  <task id="t435">
    <title>Assembly</title>
    <leveled-start>2014-03-10T15:00:00.000Z</leveled-start>
    <effort>144000</effort>
    <min-estimate>28800</min-estimate>
    <prerequisite-task idref="t431"/>
  </task>
  <task id="t436">
    <title>Procurement</title>
    <leveled-start>2014-01-06T16:00:00.000Z</leveled-start>
    <effort>1152000</effort>
    <min-estimate>28800</min-estimate>
  </task>
  <critical-path root="-1" enabled="true" resources="false">
    <color r="1" g="0.5" b="0.5"/>
  </critical-path>
</scenario>
