<?xml version="1.0" encoding="utf-8" standalone="no"?>
<changelog xmlns="http://www.omnigroup.com/namespace/OmniPlan/v2">
  <version>2.1</version>
  <task-change-set user="Tim Nelson" date="2013-12-13T21:36:57.636Z" timestamp="2013-12-13T21:36:57.636Z">
    <change idref="t272" from="t-1" from-position="1">
      <change idref="t272" attribute="isGroup" type="real" from="0" to="1"/>
      <change idref="t272" attribute="noEarlierThanConstraintDate" type="date" to="2013-12-13T16:00:00.000Z"/>
      <change idref="t272" attribute="taskType" type="real" from="0" to="2"/>
      <change idref="t272" attribute="title" type="string" to="SVT DAQ"/>
    </change>
    <change idref="t21" attribute="resourceLeveledDate" type="date" from="2014-10-03T15:00:00.000Z" to="2014-05-26T15:00:00.000Z"/>
    <change idref="t29" from="t272" from-position="0" to="t25" to-position="2"/>
    <change idref="t29" attribute="title" type="string" from="L4-6 Hybrids" to="Hybrids"/>
    <change idref="t46" attribute="resourceLeveledDate" type="date" from="2014-10-17T15:00:00.000Z" to="2014-06-09T15:00:00.000Z"/>
    <change idref="t59" attribute="resourceLeveledDate" type="date" from="2014-06-13T15:00:00.000Z" to="2014-03-17T15:00:00.000Z"/>
    <change idref="t62" attribute="resourceLeveledDate" type="date" from="2014-11-14T16:00:00.000Z" to="2014-07-07T15:00:00.000Z"/>
    <change idref="t63" attribute="resourceLeveledDate" type="date" from="2014-11-28T16:00:00.000Z" to="2014-07-21T15:00:00.000Z"/>
    <change idref="t64" attribute="resourceLeveledDate" type="date" from="2014-12-26T16:00:00.000Z" to="2014-08-18T15:00:00.000Z"/>
    <change idref="t84" attribute="resourceLeveledDate" type="date" from="2013-12-13T16:00:00.000Z" to="2013-08-05T15:00:00.000Z"/>
    <change idref="t85" attribute="resourceLeveledDate" type="date" from="2014-02-07T16:00:00.000Z" to="2013-09-30T15:00:00.000Z"/>
    <change idref="t86" attribute="resourceLeveledDate" type="date" from="2014-02-21T16:00:00.000Z" to="2013-10-14T15:00:00.000Z"/>
    <change idref="t87" attribute="resourceLeveledDate" type="date" from="2014-03-07T16:00:00.000Z" to="2013-10-28T15:00:00.000Z"/>
    <change idref="t88" attribute="resourceLeveledDate" type="date" from="2014-04-04T15:00:00.000Z" to="2013-11-25T16:00:00.000Z"/>
    <change idref="t103" attribute="resourceLeveledDate" type="date" from="2014-02-07T16:00:00.000Z" to="2013-11-11T16:00:00.000Z"/>
    <change idref="t104" attribute="resourceLeveledDate" type="date" from="2014-04-04T15:00:00.000Z" to="2014-01-06T16:00:00.000Z"/>
    <change idref="t105" attribute="resourceLeveledDate" type="date" from="2014-04-18T15:00:00.000Z" to="2014-01-20T16:00:00.000Z"/>
    <change idref="t106" attribute="resourceLeveledDate" type="date" from="2014-05-16T15:00:00.000Z" to="2014-02-17T16:00:00.000Z"/>
    <change idref="t107" attribute="resourceLeveledDate" type="date" from="2014-05-30T15:00:00.000Z" to="2014-03-03T16:00:00.000Z"/>
    <change idref="t108" attribute="resourceLeveledDate" type="date" from="2014-02-07T16:00:00.000Z" to="2013-11-11T16:00:00.000Z"/>
    <change idref="t109" attribute="resourceLeveledDate" type="date" from="2014-04-04T15:00:00.000Z" to="2014-01-06T16:00:00.000Z"/>
    <change idref="t110" attribute="resourceLeveledDate" type="date" from="2014-04-18T15:00:00.000Z" to="2014-01-20T16:00:00.000Z"/>
    <change idref="t111" attribute="resourceLeveledDate" type="date" from="2014-05-16T15:00:00.000Z" to="2014-02-17T16:00:00.000Z"/>
    <change idref="t112" attribute="resourceLeveledDate" type="date" from="2014-05-30T15:00:00.000Z" to="2014-03-03T16:00:00.000Z"/>
    <change idref="t124" attribute="resourceLeveledDate" type="date" from="2014-04-04T15:00:00.000Z" to="2014-01-06T16:00:00.000Z"/>
    <change idref="t125" attribute="resourceLeveledDate" type="date" from="2014-05-02T15:00:00.000Z" to="2014-02-03T16:00:00.000Z"/>
    <change idref="t126" attribute="effort" type="real" from="864000" to="1728000"/>
    <change idref="t126" attribute="resourceLeveledDate" type="date" from="2014-06-27T15:00:00.000Z" to="2014-03-31T15:00:00.000Z"/>
    <change idref="t127" attribute="resourceLeveledDate" type="date" from="2014-08-08T15:00:00.000Z" to="2014-06-23T15:00:00.000Z"/>
    <change idref="t128" attribute="resourceLeveledDate" type="date" from="2014-09-05T15:00:00.000Z" to="2014-07-21T15:00:00.000Z"/>
    <change idref="t143" attribute="resourceLeveledDate" type="date" from="2014-06-27T15:00:00.000Z" to="2014-03-31T15:00:00.000Z"/>
    <change idref="t148" attribute="resourceLeveledDate" type="date" from="2014-05-30T00:00:00.000Z" to="2014-01-18T01:00:00.000Z"/>
    <change idref="t149" attribute="resourceLeveledDate" type="date" from="2014-07-11T00:00:00.000Z" to="2014-03-01T01:00:00.000Z"/>
    <change idref="t150" attribute="resourceLeveledDate" type="date" from="2014-10-03T00:00:00.000Z" to="2014-05-24T00:00:00.000Z"/>
    <change idref="t159" attribute="resourceLeveledDate" type="date" from="2014-07-11T00:00:00.000Z" to="2014-04-12T00:00:00.000Z"/>
    <change idref="t160" attribute="resourceLeveledDate" type="date" from="2014-10-03T00:00:00.000Z" to="2014-08-16T00:00:00.000Z"/>
    <change idref="t161" attribute="internalPrerequisitesString" type="string" from="46FS, 128FS" to="46FS"/>
    <change idref="t161" attribute="resourceLeveledDate" type="date" from="2014-11-14T01:00:00.000Z" to="2014-07-05T00:00:00.000Z"/>
    <change idref="t162" attribute="resourceLeveledDate" type="date" from="2015-01-02T01:00:00.000Z" to="2014-08-23T00:00:00.000Z"/>
    <change idref="t192" attribute="resourceLeveledDate" type="date" from="2014-09-05T00:00:00.000Z" to="2014-04-26T00:00:00.000Z"/>
    <change idref="t200" attribute="resourceLeveledDate" type="date" from="2014-02-07T16:00:00.000Z" to="2013-09-30T15:00:00.000Z"/>
    <change idref="t201" attribute="resourceLeveledDate" type="date" from="2014-02-07T16:00:00.000Z" to="2013-09-30T15:00:00.000Z"/>
    <change idref="t202" attribute="resourceLeveledDate" type="date" from="2014-02-07T16:00:00.000Z" to="2013-09-30T15:00:00.000Z"/>
    <change idref="t204" attribute="resourceLeveledDate" type="date" from="2013-12-13T16:00:00.000Z" to="2013-08-05T15:00:00.000Z"/>
    <change idref="t205" attribute="resourceLeveledDate" type="date" from="2014-02-21T16:00:00.000Z" to="2013-10-14T15:00:00.000Z"/>
    <change idref="t206" attribute="resourceLeveledDate" type="date" from="2014-03-07T16:00:00.000Z" to="2013-10-28T15:00:00.000Z"/>
    <change idref="t207" attribute="resourceLeveledDate" type="date" from="2014-03-07T16:00:00.000Z" to="2013-10-28T15:00:00.000Z"/>
    <change idref="t209" attribute="resourceLeveledDate" type="date" from="2014-04-18T15:00:00.000Z" to="2013-12-09T16:00:00.000Z"/>
    <change idref="t210" attribute="resourceLeveledDate" type="date" from="2014-04-18T15:00:00.000Z" to="2013-12-09T16:00:00.000Z"/>
    <change idref="t211" attribute="resourceLeveledDate" type="date" from="2014-04-18T15:00:00.000Z" to="2013-12-09T16:00:00.000Z"/>
    <change idref="t216" attribute="resourceLeveledDate" type="date" from="2013-11-15T16:00:00.000Z" to="2013-07-08T15:00:00.000Z"/>
    <change idref="t217" attribute="resourceLeveledDate" type="date" from="2014-02-07T16:00:00.000Z" to="2013-09-30T15:00:00.000Z"/>
    <change idref="t218" attribute="resourceLeveledDate" type="date" from="2014-02-07T16:00:00.000Z" to="2013-10-01T15:00:00.000Z"/>
    <change idref="t232" attribute="resourceLeveledDate" type="date" from="2014-04-04T15:00:00.000Z" to="2013-11-25T16:00:00.000Z"/>
    <change idref="t247" attribute="resourceLeveledDate" type="date" from="2013-12-13T16:00:00.000Z" to="2013-08-05T15:00:00.000Z"/>
    <change idref="t248" attribute="resourceLeveledDate" type="date" from="2014-01-24T16:00:00.000Z" to="2013-09-16T15:00:00.000Z"/>
    <change idref="t249" attribute="resourceLeveledDate" type="date" from="2014-02-07T16:00:00.000Z" to="2013-10-01T15:00:00.000Z"/>
    <change idref="t250" attribute="resourceLeveledDate" type="date" from="2014-03-07T16:00:00.000Z" to="2013-10-29T15:00:00.000Z"/>
    <change idref="t251" attribute="resourceLeveledDate" type="date" from="2014-05-30T15:00:00.000Z" to="2014-01-20T16:00:00.000Z"/>
    <change idref="t252" attribute="resourceLeveledDate" type="date" from="2014-05-30T15:00:00.000Z" to="2014-01-20T16:00:00.000Z"/>
    <change idref="t253" attribute="resourceLeveledDate" type="date" from="2014-06-27T15:00:00.000Z" to="2014-02-17T16:00:00.000Z"/>
    <change idref="t254" attribute="resourceLeveledDate" type="date" from="2014-09-05T15:00:00.000Z" to="2014-04-28T15:00:00.000Z"/>
    <change idref="t256" attribute="resourceLeveledDate" type="date" from="2014-09-19T15:00:00.000Z" to="2014-05-12T15:00:00.000Z"/>
    <change idref="t266" attribute="resourceLeveledDate" type="date" from="2013-11-15T16:00:00.000Z" to="2013-07-08T15:00:00.000Z"/>
    <change idref="t267" attribute="resourceLeveledDate" type="date" from="2014-02-07T16:00:00.000Z" to="2013-10-01T15:00:00.000Z"/>
    <change idref="t268" attribute="resourceLeveledDate" type="date" from="2014-03-07T16:00:00.000Z" to="2013-10-29T15:00:00.000Z"/>
    <change idref="t269" attribute="resourceLeveledDate" type="date" from="2014-07-11T15:00:00.000Z" to="2014-03-03T16:00:00.000Z"/>
    <change idref="t270" attribute="resourceLeveledDate" type="date" from="2014-07-25T15:00:00.000Z" to="2014-03-17T15:00:00.000Z"/>
    <change idref="t271" attribute="resourceLeveledDate" type="date" from="2014-07-25T15:00:00.000Z" to="2014-03-17T15:00:00.000Z"/>
  </task-change-set>
  <task-change-set user="Tim Nelson" date="2014-04-16T18:38:15.184Z" timestamp="2014-04-16T18:38:15.184Z">
    <change idref="t145" from="t4" from-position="3">
      <change idref="t145" attribute="effort" type="real" from="28800" to="0"/>
      <change idref="t145" attribute="internalPrerequisitesString" type="string" to="226FS"/>
      <change idref="t145" attribute="isSplittableTask" type="real" from="1" to="0"/>
      <change idref="t145" attribute="percentCompleteForMilestone" type="real" to="0"/>
      <change idref="t145" attribute="resourceLeveledDate" type="date" to="2014-04-15T00:00:00.000Z"/>
      <change idref="t145" attribute="taskType" type="real" from="0" to="1"/>
      <change idref="t145" attribute="title" type="string" to="Layers 1-3 complete"/>
    </change>
    <change idref="t36" from="t4" from-position="2">
      <change idref="t36" attribute="isGroup" type="real" from="0" to="1"/>
      <change idref="t36" attribute="taskType" type="real" from="0" to="2"/>
      <change idref="t36" attribute="title" type="string" to="Integration"/>
    </change>
    <change idref="t5" attribute="internalPrerequisitesString" type="string" from="66FS"/>
    <change idref="t150" from="t5" from-position="3">
      <change idref="t150" attribute="effort" type="real" from="28800" to="0"/>
      <change idref="t150" attribute="internalPrerequisitesString" type="string" to="256FS"/>
      <change idref="t150" attribute="isSplittableTask" type="real" from="1" to="0"/>
      <change idref="t150" attribute="percentCompleteForMilestone" type="real" to="0"/>
      <change idref="t150" attribute="resourceLeveledDate" type="date" to="2014-05-24T00:00:00.000Z"/>
      <change idref="t150" attribute="taskType" type="real" from="0" to="1"/>
      <change idref="t150" attribute="title" type="string" to="Layers 4-6 complete"/>
    </change>
    <change idref="t45" from="t5" from-position="2">
      <change idref="t45" attribute="isGroup" type="real" from="0" to="1"/>
      <change idref="t45" attribute="taskType" type="real" from="0" to="2"/>
      <change idref="t45" attribute="title" type="string" to="Integration"/>
    </change>
    <change idref="t16" attribute="title" type="string" from="Support Plates" to="Support channels"/>
    <change idref="t17" attribute="title" type="string" from="Support Plates" to="Support channels"/>
    <change idref="t22" from="t19" from-position="0">
      <change idref="t22" attribute="isGroup" type="real" from="0" to="1"/>
      <change idref="t22" attribute="taskType" type="real" from="0" to="2"/>
      <change idref="t22" attribute="title" type="string" to="Motion Levers"/>
    </change>
    <change idref="t21" attribute="internalPrerequisitesString" type="string" from="122FS, 145FS, 150FS, 358FS, 359FS, 360FS" to="122FS, 147FS, 192FS, 358FS, 359FS, 360FS"/>
    <change idref="t21" attribute="resourceLeveledDate" type="date" from="2014-05-26T15:00:00.000Z" to="2014-08-11T15:00:00.000Z"/>
    <change idref="t23" attribute="styleDict" type="dict" to="{
    &quot;font-fill&quot; =     {
        b = 0;
        g = 0;
        r = 1;
    };
}"/>
    <change idref="t437" to="t24" to-position="2">
      <change idref="t437" attribute="effort" type="real" from="28800" to="288000"/>
      <change idref="t437" attribute="internalPrerequisitesString" type="string" to="65FS"/>
      <change idref="t437" attribute="noEarlierThanConstraintDate" type="date" to="2014-04-15T15:00:00.000Z"/>
      <change idref="t437" attribute="resourceLeveledDate" type="date" to="2014-04-15T15:00:00.000Z"/>
      <change idref="t437" attribute="title" type="string" to="QA and selection"/>
    </change>
    <change idref="t70" from="t39" from-position="5">
      <change idref="t70" attribute="effort" type="real" from="28800" to="288000"/>
      <change idref="t70" attribute="internalPrerequisitesString" type="string" to="69FS"/>
      <change idref="t70" attribute="resourceLeveledDate" type="date" to="2013-11-26T16:00:00.000Z"/>
      <change idref="t70" attribute="title" type="string" to="Testing"/>
    </change>
    <change idref="t46" attribute="resourceLeveledDate" type="date" from="2014-06-09T15:00:00.000Z" to="2014-08-25T15:00:00.000Z"/>
    <change idref="t51" attribute="title" type="string" from="Tracker support" to="Tracker support structures"/>
    <change idref="t54" from="t51" from-position="2" to="t51" to-position="0"/>
    <change idref="t54" attribute="title" type="string" from="Baseplate" to="Support Box"/>
    <change idref="t54" attribute="styleDict" type="dict" to="{
    &quot;font-fill&quot; =     {
        b = 0;
        g = 0;
        r = 1;
    };
}"/>
    <change idref="t55" attribute="title" type="string" from="C support" to="Support ring"/>
    <change idref="t55" attribute="styleDict" type="dict" to="{
    &quot;font-fill&quot; =     {
        b = 0;
        g = 0;
        r = 1;
    };
}"/>
    <change idref="t56" attribute="styleDict" type="dict" to="{
    &quot;font-fill&quot; =     {
        b = 0;
        g = 0;
        r = 1;
    };
}"/>
    <change idref="t59" attribute="resourceLeveledDate" type="date" from="2014-05-23T15:00:00.000Z" to="2014-08-11T15:00:00.000Z"/>
    <change idref="t61" attribute="styleDict" type="dict" to="{
    &quot;font-fill&quot; =     {
        b = 0;
        g = 0;
        r = 1;
    };
}"/>
    <change idref="t62" attribute="resourceLeveledDate" type="date" from="2014-07-07T15:00:00.000Z" to="2014-11-10T16:00:00.000Z"/>
    <change idref="t63" attribute="resourceLeveledDate" type="date" from="2014-07-21T15:00:00.000Z" to="2014-11-24T16:00:00.000Z"/>
    <change idref="t64" attribute="resourceLeveledDate" type="date" from="2014-08-18T15:00:00.000Z" to="2014-12-22T16:00:00.000Z"/>
    <change idref="t65" attribute="noLaterThanConstrainedTaskEnd" type="real" from="1" to="0"/>
    <change idref="t66" attribute="effort" type="real" from="576000" to="144000"/>
    <change idref="t66" attribute="resourceLeveledDate" type="date" from="2013-04-01T15:00:00.000Z" to="2014-04-14T15:00:00.000Z"/>
    <change idref="t66" attribute="styleDict" type="dict" to="{
    &quot;font-fill&quot; =     {
        b = 0;
        g = 0;
        r = 1;
    };
    &quot;gantt-fill-color&quot; =     {
        b = 0;
        g = 0;
        r = 1;
    };
}"/>
    <change idref="t66" attribute="noEarlierThanConstraintDate" type="date" to="2014-04-14T07:00:00.000Z"/>
    <change idref="t67" attribute="effort" type="real" from="576000" to="144000"/>
    <change idref="t67" attribute="resourceLeveledDate" type="date" from="2013-10-01T15:00:00.000Z" to="2014-04-21T15:00:00.000Z"/>
    <change idref="t67" attribute="styleDict" type="dict" to="{
    &quot;font-fill&quot; =     {
        b = 0;
        g = 0;
        r = 1;
    };
    &quot;gantt-fill-color&quot; =     {
        b = 0;
        g = 0;
        r = 1;
    };
}"/>
    <change idref="t67" attribute="noEarlierThanConstraintDate" type="date" to="2014-04-21T07:00:00.000Z"/>
    <change idref="t68" attribute="resourceLeveledDate" type="date" from="2013-10-29T15:00:00.000Z" to="2014-04-28T15:00:00.000Z"/>
    <change idref="t68" attribute="styleDict" type="dict" to="{
    &quot;font-fill&quot; =     {
        b = 0;
        g = 0;
        r = 1;
    };
    &quot;gantt-fill-color&quot; =     {
        b = 0;
        g = 0;
        r = 1;
    };
}"/>
    <change idref="t69" attribute="effort" type="real" from="288000" to="144000"/>
    <change idref="t69" attribute="resourceLeveledDate" type="date" from="2013-11-12T16:00:00.000Z" to="2014-05-12T15:00:00.000Z"/>
    <change idref="t69" attribute="styleDict" type="dict" to="{
    &quot;font-fill&quot; =     {
        b = 0;
        g = 0;
        r = 1;
    };
    &quot;gantt-fill-color&quot; =     {
        b = 0;
        g = 0;
        r = 1;
    };
}"/>
    <change idref="t83" attribute="resourceLeveledDate" type="date" from="2013-05-27T15:00:00.000Z" to="2013-02-04T16:00:00.000Z"/>
    <change idref="t90" attribute="effort" type="real" from="1152000" to="144000"/>
    <change idref="t90" attribute="noEarlierThanConstraintDate" type="date" from="2013-08-26T15:00:00.000Z"/>
    <change idref="t90" attribute="resourceLeveledDate" type="date" from="2013-08-26T15:00:00.000Z" to="2014-05-05T15:00:00.000Z"/>
    <change idref="t90" attribute="internalPrerequisitesString" type="string" to="171FS"/>
    <change idref="t90" attribute="styleDict" type="dict" to="{
    &quot;font-fill&quot; =     {
        b = 0;
        g = 0;
        r = 1;
    };
    &quot;gantt-fill-color&quot; =     {
        b = 0;
        g = 0;
        r = 1;
    };
}"/>
    <change idref="t91" attribute="effort" type="real" from="576000" to="144000"/>
    <change idref="t91" attribute="resourceLeveledDate" type="date" from="2013-10-21T15:00:00.000Z" to="2014-05-12T15:00:00.000Z"/>
    <change idref="t91" attribute="styleDict" type="dict" to="{
    &quot;font-fill&quot; =     {
        b = 0;
        g = 0;
        r = 1;
    };
    &quot;gantt-fill-color&quot; =     {
        b = 0;
        g = 0;
        r = 1;
    };
}"/>
    <change idref="t92" attribute="resourceLeveledDate" type="date" from="2013-11-18T16:00:00.000Z" to="2014-05-19T15:00:00.000Z"/>
    <change idref="t92" attribute="styleDict" type="dict" to="{
    &quot;font-fill&quot; =     {
        b = 0;
        g = 0;
        r = 1;
    };
    &quot;gantt-fill-color&quot; =     {
        b = 0;
        g = 0;
        r = 1;
    };
}"/>
    <change idref="t93" attribute="effort" type="real" from="288000" to="144000"/>
    <change idref="t93" attribute="resourceLeveledDate" type="date" from="2013-12-02T16:00:00.000Z" to="2014-06-02T15:00:00.000Z"/>
    <change idref="t93" attribute="styleDict" type="dict" to="{
    &quot;font-fill&quot; =     {
        b = 0;
        g = 0;
        r = 1;
    };
    &quot;gantt-fill-color&quot; =     {
        b = 0;
        g = 0;
        r = 1;
    };
}"/>
    <change idref="t94" attribute="effort" type="real" from="288000" to="144000"/>
    <change idref="t94" attribute="resourceLeveledDate" type="date" from="2013-12-16T16:00:00.000Z" to="2014-06-09T15:00:00.000Z"/>
    <change idref="t98" attribute="internalPrerequisitesString" type="string" from="212FF" to="257FS, 266FS"/>
    <change idref="t98" attribute="effort" type="real" from="1152000" to="288000"/>
    <change idref="t98" attribute="resourceLeveledDate" type="date" from="2013-10-01T15:00:00.000Z" to="2014-05-26T15:00:00.000Z"/>
    <change idref="t98" attribute="styleDict" type="dict" to="{
    &quot;font-fill&quot; =     {
        b = 0;
        g = 0;
        r = 1;
    };
    &quot;gantt-fill-color&quot; =     {
        b = 0;
        g = 0;
        r = 1;
    };
}"/>
    <change idref="t99" attribute="effort" type="real" from="576000" to="144000"/>
    <change idref="t99" attribute="resourceLeveledDate" type="date" from="2013-11-26T16:00:00.000Z" to="2014-06-09T15:00:00.000Z"/>
    <change idref="t99" attribute="styleDict" type="dict" to="{
    &quot;font-fill&quot; =     {
        b = 0;
        g = 0;
        r = 1;
    };
    &quot;gantt-fill-color&quot; =     {
        b = 0;
        g = 0;
        r = 1;
    };
}"/>
    <change idref="t100" attribute="resourceLeveledDate" type="date" from="2013-12-24T16:00:00.000Z" to="2014-06-16T15:00:00.000Z"/>
    <change idref="t100" attribute="styleDict" type="dict" to="{
    &quot;font-fill&quot; =     {
        b = 0;
        g = 0;
        r = 1;
    };
    &quot;gantt-fill-color&quot; =     {
        b = 0;
        g = 0;
        r = 1;
    };
}"/>
    <change idref="t101" attribute="resourceLeveledDate" type="date" from="2014-01-21T16:00:00.000Z" to="2014-07-14T15:00:00.000Z"/>
    <change idref="t101" attribute="styleDict" type="dict" to="{
    &quot;font-fill&quot; =     {
        b = 0;
        g = 0;
        r = 1;
    };
    &quot;gantt-fill-color&quot; =     {
        b = 0;
        g = 0;
        r = 1;
    };
}"/>
    <change idref="t102" attribute="resourceLeveledDate" type="date" from="2014-02-04T16:00:00.000Z" to="2014-07-28T15:00:00.000Z"/>
    <change idref="t102" attribute="styleDict" type="dict" to="{
    &quot;font-fill&quot; =     {
        b = 0;
        g = 0;
        r = 1;
    };
    &quot;gantt-fill-color&quot; =     {
        b = 0;
        g = 0;
        r = 1;
    };
}"/>
    <change idref="t103" attribute="internalPrerequisitesString" type="string" from="212FS, 216FS" to="257FS, 266FS"/>
    <change idref="t103" attribute="effort" type="real" from="1152000" to="288000"/>
    <change idref="t103" attribute="resourceLeveledDate" type="date" from="2014-01-17T16:00:00.000Z" to="2014-05-26T15:00:00.000Z"/>
    <change idref="t103" attribute="styleDict" type="dict" to="{
    &quot;font-fill&quot; =     {
        b = 0;
        g = 0;
        r = 1;
    };
    &quot;gantt-fill-color&quot; =     {
        b = 0;
        g = 0;
        r = 1;
    };
}"/>
    <change idref="t104" attribute="effort" type="real" from="288000" to="144000"/>
    <change idref="t104" attribute="resourceLeveledDate" type="date" from="2014-03-14T15:00:00.000Z" to="2014-06-09T15:00:00.000Z"/>
    <change idref="t104" attribute="styleDict" type="dict" to="{
    &quot;font-fill&quot; =     {
        b = 0;
        g = 0;
        r = 1;
    };
    &quot;gantt-fill-color&quot; =     {
        b = 0;
        g = 0;
        r = 1;
    };
}"/>
    <change idref="t105" attribute="resourceLeveledDate" type="date" from="2014-03-28T15:00:00.000Z" to="2014-06-16T15:00:00.000Z"/>
    <change idref="t105" attribute="styleDict" type="dict" to="{
    &quot;font-fill&quot; =     {
        b = 0;
        g = 0;
        r = 1;
    };
    &quot;gantt-fill-color&quot; =     {
        b = 0;
        g = 0;
        r = 1;
    };
}"/>
    <change idref="t106" attribute="resourceLeveledDate" type="date" from="2014-04-25T15:00:00.000Z" to="2014-07-14T15:00:00.000Z"/>
    <change idref="t106" attribute="styleDict" type="dict" to="{
    &quot;font-fill&quot; =     {
        b = 0;
        g = 0;
        r = 1;
    };
    &quot;gantt-fill-color&quot; =     {
        b = 0;
        g = 0;
        r = 1;
    };
}"/>
    <change idref="t107" attribute="resourceLeveledDate" type="date" from="2014-05-09T15:00:00.000Z" to="2014-07-28T15:00:00.000Z"/>
    <change idref="t107" attribute="styleDict" type="dict" to="{
    &quot;font-fill&quot; =     {
        b = 0;
        g = 0;
        r = 1;
    };
    &quot;gantt-fill-color&quot; =     {
        b = 0;
        g = 0;
        r = 1;
    };
}"/>
    <change idref="t108" attribute="internalPrerequisitesString" type="string" from="103FF" to="257FS, 266FS"/>
    <change idref="t108" attribute="noLaterThanConstrainedTaskEnd" type="real" from="1" to="0"/>
    <change idref="t108" attribute="effort" type="real" from="1152000" to="288000"/>
    <change idref="t108" attribute="resourceLeveledDate" type="date" from="2014-01-17T16:00:00.000Z" to="2014-05-26T15:00:00.000Z"/>
    <change idref="t108" attribute="styleDict" type="dict" to="{
    &quot;font-fill&quot; =     {
        b = 0;
        g = 0;
        r = 1;
    };
    &quot;gantt-fill-color&quot; =     {
        b = 0;
        g = 0;
        r = 1;
    };
}"/>
    <change idref="t109" attribute="effort" type="real" from="288000" to="144000"/>
    <change idref="t109" attribute="resourceLeveledDate" type="date" from="2014-03-14T15:00:00.000Z" to="2014-06-09T15:00:00.000Z"/>
    <change idref="t109" attribute="styleDict" type="dict" to="{
    &quot;font-fill&quot; =     {
        b = 0;
        g = 0;
        r = 1;
    };
    &quot;gantt-fill-color&quot; =     {
        b = 0;
        g = 0;
        r = 1;
    };
}"/>
    <change idref="t110" attribute="resourceLeveledDate" type="date" from="2014-03-28T15:00:00.000Z" to="2014-06-16T15:00:00.000Z"/>
    <change idref="t110" attribute="styleDict" type="dict" to="{
    &quot;font-fill&quot; =     {
        b = 0;
        g = 0;
        r = 1;
    };
    &quot;gantt-fill-color&quot; =     {
        b = 0;
        g = 0;
        r = 1;
    };
}"/>
    <change idref="t111" attribute="resourceLeveledDate" type="date" from="2014-04-25T15:00:00.000Z" to="2014-07-14T15:00:00.000Z"/>
    <change idref="t111" attribute="styleDict" type="dict" to="{
    &quot;font-fill&quot; =     {
        b = 0;
        g = 0;
        r = 1;
    };
    &quot;gantt-fill-color&quot; =     {
        b = 0;
        g = 0;
        r = 1;
    };
}"/>
    <change idref="t112" attribute="resourceLeveledDate" type="date" from="2014-05-09T15:00:00.000Z" to="2014-07-28T15:00:00.000Z"/>
    <change idref="t112" attribute="styleDict" type="dict" to="{
    &quot;font-fill&quot; =     {
        b = 0;
        g = 0;
        r = 1;
    };
    &quot;gantt-fill-color&quot; =     {
        b = 0;
        g = 0;
        r = 1;
    };
}"/>
    <change idref="t118" attribute="styleDict" type="dict" to="{
    &quot;font-fill&quot; =     {
        b = 0;
        g = 0;
        r = 1;
    };
    &quot;gantt-fill-color&quot; =     {
        b = 0;
        g = 0;
        r = 1;
    };
}"/>
    <change idref="t119" attribute="styleDict" type="dict" to="{
    &quot;font-fill&quot; =     {
        b = 0;
        g = 0;
        r = 1;
    };
    &quot;gantt-fill-color&quot; =     {
        b = 0;
        g = 0;
        r = 1;
    };
}"/>
    <change idref="t120" attribute="styleDict" type="dict" to="{
    &quot;font-fill&quot; =     {
        b = 0;
        g = 0;
        r = 1;
    };
    &quot;gantt-fill-color&quot; =     {
        b = 0;
        g = 0;
        r = 1;
    };
}"/>
    <change idref="t121" attribute="styleDict" type="dict" to="{
    &quot;font-fill&quot; =     {
        b = 0;
        g = 0;
        r = 1;
    };
    &quot;gantt-fill-color&quot; =     {
        b = 0;
        g = 0;
        r = 1;
    };
}"/>
    <change idref="t122" attribute="styleDict" type="dict" to="{
    &quot;font-fill&quot; =     {
        b = 0;
        g = 0;
        r = 1;
    };
    &quot;gantt-fill-color&quot; =     {
        b = 0;
        g = 0;
        r = 1;
    };
}"/>
    <change idref="t124" attribute="resourceLeveledDate" type="date" from="2014-01-17T16:00:00.000Z" to="2014-05-26T15:00:00.000Z"/>
    <change idref="t124" attribute="styleDict" type="dict" to="{
    &quot;font-fill&quot; =     {
        b = 0;
        g = 0;
        r = 1;
    };
}"/>
    <change idref="t125" attribute="resourceLeveledDate" type="date" from="2014-02-14T16:00:00.000Z" to="2014-06-23T15:00:00.000Z"/>
    <change idref="t125" attribute="styleDict" type="dict" to="{
    &quot;font-fill&quot; =     {
        b = 0;
        g = 0;
        r = 1;
    };
}"/>
    <change idref="t126" attribute="resourceLeveledDate" type="date" from="2014-04-11T15:00:00.000Z" to="2014-08-18T15:00:00.000Z"/>
    <change idref="t126" attribute="styleDict" type="dict" to="{
    &quot;font-fill&quot; =     {
        b = 0;
        g = 0;
        r = 1;
    };
}"/>
    <change idref="t127" attribute="resourceLeveledDate" type="date" from="2014-06-06T15:00:00.000Z" to="2014-10-13T15:00:00.000Z"/>
    <change idref="t127" attribute="styleDict" type="dict" to="{
    &quot;font-fill&quot; =     {
        b = 0;
        g = 0;
        r = 1;
    };
}"/>
    <change idref="t128" attribute="resourceLeveledDate" type="date" from="2014-06-20T15:00:00.000Z" to="2014-10-27T15:00:00.000Z"/>
    <change idref="t128" attribute="styleDict" type="dict" to="{
    &quot;font-fill&quot; =     {
        b = 0;
        g = 0;
        r = 1;
    };
}"/>
    <change idref="t143" attribute="resourceLeveledDate" type="date" from="2014-06-06T15:00:00.000Z" to="2014-08-25T15:00:00.000Z"/>
    <change idref="t146" attribute="resourceLeveledDate" type="date" from="2014-02-04T01:00:00.000Z" to="2014-06-21T00:00:00.000Z"/>
    <change idref="t147" attribute="title" type="string" from="Layers 1-3 Support plates complete" to="Layers 1-3 complete"/>
    <change idref="t147" attribute="resourceLeveledDate" type="date" from="2014-03-18T00:00:00.000Z" to="2014-08-02T00:00:00.000Z"/>
    <change idref="t149" attribute="resourceLeveledDate" type="date" from="2014-03-01T01:00:00.000Z" to="2014-07-12T00:00:00.000Z"/>
    <change idref="t159" attribute="resourceLeveledDate" type="date" from="2014-06-20T00:00:00.000Z" to="2014-09-06T00:00:00.000Z"/>
    <change idref="t160" attribute="internalPrerequisitesString" type="string" from="117FS, 122FS, 128FS" to="122FS, 128FS"/>
    <change idref="t160" attribute="resourceLeveledDate" type="date" from="2014-07-04T00:00:00.000Z" to="2014-11-08T01:00:00.000Z"/>
    <change idref="t161" attribute="resourceLeveledDate" type="date" from="2014-07-05T00:00:00.000Z" to="2014-11-08T01:00:00.000Z"/>
    <change idref="t162" attribute="resourceLeveledDate" type="date" from="2014-08-23T00:00:00.000Z" to="2014-12-27T01:00:00.000Z"/>
    <change idref="t163" attribute="internalPrerequisitesString" type="string" from="65FS" to="437FS"/>
    <change idref="t163" attribute="resourceLeveledDate" type="date" from="2013-05-03T00:00:00.000Z" to="2014-04-29T00:00:00.000Z"/>
    <change idref="t164" attribute="internalPrerequisitesString" type="string" from="66FS"/>
    <change idref="t170" attribute="resourceLeveledDate" type="date" from="2013-04-29T15:00:00.000Z" to="2014-03-24T15:00:00.000Z"/>
    <change idref="t170" attribute="internalPrerequisitesString" type="string" to="66FF"/>
    <change idref="t170" attribute="styleDict" type="dict" to="{
    &quot;font-fill&quot; =     {
        b = 0;
        g = 0;
        r = 1;
    };
    &quot;gantt-fill-color&quot; =     {
        b = 0;
        g = 0;
        r = 1;
    };
}"/>
    <change idref="t171" attribute="internalPrerequisitesString" type="string" from="170FF" to="66FS"/>
    <change idref="t171" attribute="effort" type="real" from="576000" to="288000"/>
    <change idref="t171" attribute="resourceLeveledDate" type="date" from="2013-04-29T15:00:00.000Z" to="2014-04-21T15:00:00.000Z"/>
    <change idref="t171" attribute="styleDict" type="dict" to="{
    &quot;font-fill&quot; =     {
        b = 0;
        g = 0;
        r = 1;
    };
    &quot;gantt-fill-color&quot; =     {
        b = 0;
        g = 0;
        r = 1;
    };
}"/>
    <change idref="t173" attribute="effort" type="real" from="576000" to="144000"/>
    <change idref="t173" attribute="resourceLeveledDate" type="date" from="2013-10-01T15:00:00.000Z" to="2014-05-05T15:00:00.000Z"/>
    <change idref="t173" attribute="styleDict" type="dict" to="{
    &quot;font-fill&quot; =     {
        b = 0;
        g = 0;
        r = 1;
    };
    &quot;gantt-fill-color&quot; =     {
        b = 0;
        g = 0;
        r = 1;
    };
}"/>
    <change idref="t174" attribute="effort" type="real" from="144000" to="288000"/>
    <change idref="t174" attribute="resourceLeveledDate" type="date" from="2013-10-29T15:00:00.000Z" to="2014-05-12T15:00:00.000Z"/>
    <change idref="t174" attribute="styleDict" type="dict" to="{
    &quot;font-fill&quot; =     {
        b = 0;
        g = 0;
        r = 1;
    };
    &quot;gantt-fill-color&quot; =     {
        b = 0;
        g = 0;
        r = 1;
    };
}"/>
    <change idref="t175" attribute="effort" type="real" from="288000" to="144000"/>
    <change idref="t175" attribute="resourceLeveledDate" type="date" from="2013-12-10T16:00:00.000Z" to="2014-05-19T15:00:00.000Z"/>
    <change idref="t176" attribute="resourceLeveledDate" type="date" from="2013-12-24T16:00:00.000Z" to="2014-05-26T15:00:00.000Z"/>
    <change idref="t177" attribute="effort" type="real" from="576000" to="288000"/>
    <change idref="t177" attribute="resourceLeveledDate" type="date" from="2014-01-07T16:00:00.000Z" to="2014-06-09T15:00:00.000Z"/>
    <change idref="t178" attribute="resourceLeveledDate" type="date" from="2014-01-21T16:00:00.000Z" to="2014-06-09T15:00:00.000Z"/>
    <change idref="t192" attribute="title" type="string" from="Layers 4-6 support plates complete" to="Layers 4-6 complete"/>
    <change idref="t192" attribute="resourceLeveledDate" type="date" from="2014-04-26T00:00:00.000Z" to="2014-08-09T00:00:00.000Z"/>
    <change idref="t209" attribute="effort" type="real" from="1152000" to="576000"/>
    <change idref="t210" attribute="effort" type="real" from="1152000" to="576000"/>
    <change idref="t227" attribute="resourceLeveledDate" type="date" from="2013-04-29T15:00:00.000Z" to="2013-01-07T16:00:00.000Z"/>
    <change idref="t230" attribute="resourceLeveledDate" type="date" from="2013-04-29T15:00:00.000Z" to="2013-01-07T16:00:00.000Z"/>
    <change idref="t231" attribute="resourceLeveledDate" type="date" from="2013-04-29T15:00:00.000Z" to="2013-01-07T16:00:00.000Z"/>
    <change idref="t247" attribute="internalPrerequisitesString" type="string" from="90FS, 204FF" to="90FF, 204FF"/>
    <change idref="t247" attribute="effort" type="real" from="1152000" to="576000"/>
    <change idref="t247" attribute="resourceLeveledDate" type="date" from="2013-10-21T15:00:00.000Z" to="2014-04-14T15:00:00.000Z"/>
    <change idref="t247" attribute="styleDict" type="dict" to="{
    &quot;font-fill&quot; =     {
        b = 0;
        g = 0;
        r = 1;
    };
    &quot;gantt-fill-color&quot; =     {
        b = 0;
        g = 0;
        r = 1;
    };
}"/>
    <change idref="t248" attribute="internalPrerequisitesString" type="string" from="247FF" to="247FS"/>
    <change idref="t248" attribute="resourceLeveledDate" type="date" from="2013-12-02T16:00:00.000Z" to="2014-05-12T15:00:00.000Z"/>
    <change idref="t248" attribute="styleDict" type="dict" to="{
    &quot;font-fill&quot; =     {
        b = 0;
        g = 0;
        r = 1;
    };
    &quot;gantt-fill-color&quot; =     {
        b = 0;
        g = 0;
        r = 1;
    };
}"/>
    <change idref="t249" attribute="effort" type="real" from="576000" to="144000"/>
    <change idref="t249" attribute="resourceLeveledDate" type="date" from="2013-12-16T16:00:00.000Z" to="2014-05-26T15:00:00.000Z"/>
    <change idref="t249" attribute="styleDict" type="dict" to="{
    &quot;font-fill&quot; =     {
        b = 0;
        g = 0;
        r = 1;
    };
    &quot;gantt-fill-color&quot; =     {
        b = 0;
        g = 0;
        r = 1;
    };
}"/>
    <change idref="t250" attribute="effort" type="real" from="144000" to="288000"/>
    <change idref="t250" attribute="resourceLeveledDate" type="date" from="2014-01-13T16:00:00.000Z" to="2014-06-02T15:00:00.000Z"/>
    <change idref="t250" attribute="styleDict" type="dict" to="{
    &quot;font-fill&quot; =     {
        b = 0;
        g = 0;
        r = 1;
    };
    &quot;gantt-fill-color&quot; =     {
        b = 0;
        g = 0;
        r = 1;
    };
}"/>
    <change idref="t251" attribute="effort" type="real" from="576000" to="144000"/>
    <change idref="t251" attribute="resourceLeveledDate" type="date" from="2014-01-20T16:00:00.000Z" to="2014-06-16T15:00:00.000Z"/>
    <change idref="t252" attribute="effort" type="real" from="576000" to="288000"/>
    <change idref="t252" attribute="resourceLeveledDate" type="date" from="2014-01-20T16:00:00.000Z" to="2014-06-16T15:00:00.000Z"/>
    <change idref="t253" attribute="resourceLeveledDate" type="date" from="2014-02-17T16:00:00.000Z" to="2014-06-30T15:00:00.000Z"/>
    <change idref="t257" attribute="title" type="string" from="Support plate" to="Support channel"/>
    <change idref="t257" attribute="noLaterThanConstrainedTaskEnd" type="real" from="1" to="0"/>
    <change idref="t257" attribute="effort" type="real" from="1728000" to="288000"/>
    <change idref="t257" attribute="resourceLeveledDate" type="date" from="2013-05-27T15:00:00.000Z" to="2014-04-21T15:00:00.000Z"/>
    <change idref="t257" attribute="styleDict" type="dict" to="{
    &quot;font-fill&quot; =     {
        b = 0;
        g = 0;
        r = 1;
    };
    &quot;gantt-fill-color&quot; =     {
        b = 0;
        g = 0;
        r = 1;
    };
}"/>
    <change idref="t259" attribute="title" type="string" from="Support plate" to="Support channel"/>
    <change idref="t259" attribute="resourceLeveledDate" type="date" from="2013-10-01T15:00:00.000Z" to="2014-05-05T15:00:00.000Z"/>
    <change idref="t259" attribute="styleDict" type="dict" to="{
    &quot;font-fill&quot; =     {
        b = 0;
        g = 0;
        r = 1;
    };
    &quot;gantt-fill-color&quot; =     {
        b = 0;
        g = 0;
        r = 1;
    };
}"/>
    <change idref="t260" attribute="resourceLeveledDate" type="date" from="2013-10-29T15:00:00.000Z" to="2014-06-02T15:00:00.000Z"/>
    <change idref="t260" attribute="styleDict" type="dict" to="{
    &quot;font-fill&quot; =     {
        b = 0;
        g = 0;
        r = 1;
    };
    &quot;gantt-fill-color&quot; =     {
        b = 0;
        g = 0;
        r = 1;
    };
}"/>
    <change idref="t261" attribute="resourceLeveledDate" type="date" from="2014-02-04T16:00:00.000Z" to="2014-06-23T15:00:00.000Z"/>
    <change idref="t262" attribute="resourceLeveledDate" type="date" from="2014-02-04T16:00:00.000Z" to="2014-06-23T15:00:00.000Z"/>
    <change idref="t263" attribute="resourceLeveledDate" type="date" from="2014-02-04T16:00:00.000Z" to="2014-06-23T15:00:00.000Z"/>
    <change idref="t266" attribute="internalPrerequisitesString" type="string" from="247FF" to="247FS"/>
    <change idref="t266" attribute="title" type="string" from="Support plate" to="Support channel"/>
    <change idref="t266" attribute="effort" type="real" from="1728000" to="288000"/>
    <change idref="t266" attribute="noEarlierThanConstraintDate" type="date" from="2013-10-25T15:00:00.000Z"/>
    <change idref="t266" attribute="resourceLeveledDate" type="date" from="2013-10-25T15:00:00.000Z" to="2014-05-12T15:00:00.000Z"/>
    <change idref="t266" attribute="styleDict" type="dict" to="{
    &quot;font-fill&quot; =     {
        b = 0;
        g = 0;
        r = 1;
    };
    &quot;gantt-fill-color&quot; =     {
        b = 0;
        g = 0;
        r = 1;
    };
}"/>
    <change idref="t267" attribute="title" type="string" from="Support plate" to="Support channel"/>
    <change idref="t267" attribute="resourceLeveledDate" type="date" from="2014-01-17T16:00:00.000Z" to="2014-05-26T15:00:00.000Z"/>
    <change idref="t267" attribute="styleDict" type="dict" to="{
    &quot;font-fill&quot; =     {
        b = 0;
        g = 0;
        r = 1;
    };
    &quot;gantt-fill-color&quot; =     {
        b = 0;
        g = 0;
        r = 1;
    };
}"/>
    <change idref="t268" attribute="resourceLeveledDate" type="date" from="2014-02-14T16:00:00.000Z" to="2014-06-23T15:00:00.000Z"/>
    <change idref="t268" attribute="styleDict" type="dict" to="{
    &quot;font-fill&quot; =     {
        b = 0;
        g = 0;
        r = 1;
    };
    &quot;gantt-fill-color&quot; =     {
        b = 0;
        g = 0;
        r = 1;
    };
}"/>
    <change idref="t269" attribute="resourceLeveledDate" type="date" from="2014-03-03T16:00:00.000Z" to="2014-07-14T15:00:00.000Z"/>
    <change idref="t270" attribute="effort" type="real" from="864000" to="288000"/>
    <change idref="t270" attribute="resourceLeveledDate" type="date" from="2014-03-17T15:00:00.000Z" to="2014-07-28T15:00:00.000Z"/>
    <change idref="t271" attribute="resourceLeveledDate" type="date" from="2014-03-17T15:00:00.000Z" to="2014-07-28T15:00:00.000Z"/>
    <change idref="t372" attribute="resourceLeveledDate" type="date" from="2014-02-03T16:00:00.000Z" to="2014-05-05T15:00:00.000Z"/>
    <change idref="t373" attribute="resourceLeveledDate" type="date" from="2014-02-24T16:00:00.000Z" to="2014-05-26T15:00:00.000Z"/>
    <change idref="t375" attribute="resourceLeveledDate" type="date" from="2014-03-03T16:00:00.000Z" to="2014-06-02T15:00:00.000Z"/>
    <change idref="t376" attribute="resourceLeveledDate" type="date" from="2014-03-10T15:00:00.000Z" to="2014-06-09T15:00:00.000Z"/>
    <change idref="t378" attribute="resourceLeveledDate" type="date" from="2014-02-03T16:00:00.000Z" to="2014-05-05T15:00:00.000Z"/>
    <change idref="t379" attribute="resourceLeveledDate" type="date" from="2014-02-24T16:00:00.000Z" to="2014-05-26T15:00:00.000Z"/>
    <change idref="t380" attribute="resourceLeveledDate" type="date" from="2014-03-03T16:00:00.000Z" to="2014-06-02T15:00:00.000Z"/>
    <change idref="t381" attribute="resourceLeveledDate" type="date" from="2014-03-10T15:00:00.000Z" to="2014-06-09T15:00:00.000Z"/>
    <change idref="t382" attribute="resourceLeveledDate" type="date" from="2014-02-03T16:00:00.000Z" to="2014-05-26T15:00:00.000Z"/>
    <change idref="t383" attribute="resourceLeveledDate" type="date" from="2014-02-24T16:00:00.000Z" to="2014-06-16T15:00:00.000Z"/>
    <change idref="t384" attribute="resourceLeveledDate" type="date" from="2014-03-03T16:00:00.000Z" to="2014-06-23T15:00:00.000Z"/>
    <change idref="t385" attribute="resourceLeveledDate" type="date" from="2014-03-10T15:00:00.000Z" to="2014-06-30T15:00:00.000Z"/>
    <change idref="t386" attribute="resourceLeveledDate" type="date" from="2014-02-03T16:00:00.000Z" to="2014-05-26T15:00:00.000Z"/>
    <change idref="t387" attribute="resourceLeveledDate" type="date" from="2014-02-24T16:00:00.000Z" to="2014-06-16T15:00:00.000Z"/>
    <change idref="t388" attribute="resourceLeveledDate" type="date" from="2014-03-03T16:00:00.000Z" to="2014-06-23T15:00:00.000Z"/>
    <change idref="t389" attribute="resourceLeveledDate" type="date" from="2014-03-10T15:00:00.000Z" to="2014-06-30T15:00:00.000Z"/>
    <change idref="t402" attribute="resourceLeveledDate" type="date" from="2014-05-26T15:00:00.000Z" to="2014-07-07T15:00:00.000Z"/>
    <change idref="t404" attribute="resourceLeveledDate" type="date" from="2014-05-27T15:00:00.000Z" to="2014-07-08T15:00:00.000Z"/>
    <change idref="t418" attribute="resourceLeveledDate" type="date" from="2014-04-05T00:00:00.000Z" to="2014-07-05T00:00:00.000Z"/>
    <change idref="t421" attribute="resourceLeveledDate" type="date" from="2014-05-28T00:00:00.000Z" to="2014-07-09T00:00:00.000Z"/>
  </task-change-set>
  <task-change-set user="Tim Nelson" date="2014-04-16T20:36:49.085Z" timestamp="2014-04-16T20:36:49.085Z">
    <change idref="t21" attribute="internalPrerequisitesString" type="string" from="122FS, 147FS, 192FS, 358FS, 359FS, 360FS" to="102FS, 112FS, 122FS, 147FS, 159FS, 192FS, 358FS, 359FS, 360FS" resolved="yes"/>
    <change idref="t21" attribute="resourceLeveledDate" type="date" from="2014-08-11T15:00:00.000Z" to="2014-09-08T15:00:00.000Z" resolved="yes"/>
    <change idref="t46" attribute="resourceLeveledDate" type="date" from="2014-08-25T15:00:00.000Z" to="2014-09-22T15:00:00.000Z" resolved="yes"/>
    <change idref="t62" attribute="resourceLeveledDate" type="date" from="2014-11-10T16:00:00.000Z" to="2014-10-20T15:00:00.000Z" resolved="yes"/>
    <change idref="t63" attribute="resourceLeveledDate" type="date" from="2014-11-24T16:00:00.000Z" to="2014-11-03T16:00:00.000Z" resolved="yes"/>
    <change idref="t64" attribute="resourceLeveledDate" type="date" from="2014-12-22T16:00:00.000Z" to="2014-12-01T16:00:00.000Z" resolved="yes"/>
    <change idref="t121" attribute="resourceLeveledDate" type="date" from="2014-04-01T15:00:00.000Z" to="2014-04-16T15:00:00.000Z" resolved="yes"/>
    <change idref="t121" attribute="noEarlierThanConstraintDate" type="date" to="2014-04-16T07:00:00.000Z" resolved="yes"/>
    <change idref="t122" attribute="resourceLeveledDate" type="date" from="2014-04-15T15:00:00.000Z" to="2014-04-30T15:00:00.000Z" resolved="yes"/>
    <change idref="t124" attribute="effort" type="real" from="576000" to="288000" resolved="yes"/>
    <change idref="t125" attribute="effort" type="real" from="1152000" to="576000" resolved="yes"/>
    <change idref="t125" attribute="resourceLeveledDate" type="date" from="2014-06-23T15:00:00.000Z" to="2014-06-09T15:00:00.000Z" resolved="yes"/>
    <change idref="t126" attribute="effort" type="real" from="1152000" to="288000" resolved="yes"/>
    <change idref="t126" attribute="resourceLeveledDate" type="date" from="2014-08-18T15:00:00.000Z" to="2014-07-07T15:00:00.000Z" resolved="yes"/>
    <change idref="t127" attribute="effort" type="real" from="288000" to="144000" resolved="yes"/>
    <change idref="t127" attribute="resourceLeveledDate" type="date" from="2014-10-13T15:00:00.000Z" to="2014-07-21T15:00:00.000Z" resolved="yes"/>
    <change idref="t128" attribute="effort" type="real" from="288000" to="144000" resolved="yes"/>
    <change idref="t128" attribute="resourceLeveledDate" type="date" from="2014-10-27T15:00:00.000Z" to="2014-07-28T15:00:00.000Z" resolved="yes"/>
    <change idref="t160" attribute="resourceLeveledDate" type="date" from="2014-11-08T01:00:00.000Z" to="2014-08-02T00:00:00.000Z" resolved="yes"/>
    <change idref="t161" attribute="resourceLeveledDate" type="date" from="2014-11-08T01:00:00.000Z" to="2014-10-18T00:00:00.000Z" resolved="yes"/>
    <change idref="t162" attribute="resourceLeveledDate" type="date" from="2014-12-27T01:00:00.000Z" to="2014-12-06T01:00:00.000Z" resolved="yes"/>
  </task-change-set>
  <task-change-set user="Tim Nelson" date="2014-04-18T22:40:37.737Z" timestamp="2014-04-18T22:40:37.737Z">
    <change idref="t21" attribute="resourceLeveledDate" type="date" from="2014-09-08T15:00:00.000Z" to="2014-08-25T15:00:00.000Z" resolved="yes"/>
    <change idref="t46" attribute="resourceLeveledDate" type="date" from="2014-09-22T15:00:00.000Z" to="2014-09-08T15:00:00.000Z" resolved="yes"/>
    <change idref="t59" attribute="internalPrerequisitesString" type="string" from="107FS" to="102FS, 107FS, 112FS" resolved="yes"/>
    <change idref="t59" attribute="resourceLeveledDate" type="date" from="2014-08-11T15:00:00.000Z" to="2014-07-28T15:00:00.000Z" resolved="yes"/>
    <change idref="t62" attribute="resourceLeveledDate" type="date" from="2014-10-20T15:00:00.000Z" to="2014-10-06T15:00:00.000Z" resolved="yes"/>
    <change idref="t63" attribute="resourceLeveledDate" type="date" from="2014-11-03T16:00:00.000Z" to="2014-10-20T15:00:00.000Z" resolved="yes"/>
    <change idref="t64" attribute="resourceLeveledDate" type="date" from="2014-12-01T16:00:00.000Z" to="2014-11-17T16:00:00.000Z" resolved="yes"/>
    <change idref="t90" attribute="internalPrerequisitesString" type="string" from="171FS" to="66FS" resolved="yes"/>
    <change idref="t90" attribute="resourceLeveledDate" type="date" from="2014-05-05T15:00:00.000Z" to="2014-04-21T15:00:00.000Z" resolved="yes"/>
    <change idref="t91" attribute="resourceLeveledDate" type="date" from="2014-05-12T15:00:00.000Z" to="2014-04-28T15:00:00.000Z" resolved="yes"/>
    <change idref="t92" attribute="resourceLeveledDate" type="date" from="2014-05-19T15:00:00.000Z" to="2014-05-05T15:00:00.000Z" resolved="yes"/>
    <change idref="t93" attribute="resourceLeveledDate" type="date" from="2014-06-02T15:00:00.000Z" to="2014-05-19T15:00:00.000Z" resolved="yes"/>
    <change idref="t94" attribute="resourceLeveledDate" type="date" from="2014-06-09T15:00:00.000Z" to="2014-05-26T15:00:00.000Z" resolved="yes"/>
    <change idref="t98" attribute="resourceLeveledDate" type="date" from="2014-05-26T15:00:00.000Z" to="2014-05-12T15:00:00.000Z" resolved="yes"/>
    <change idref="t99" attribute="resourceLeveledDate" type="date" from="2014-06-09T15:00:00.000Z" to="2014-05-26T15:00:00.000Z" resolved="yes"/>
    <change idref="t100" attribute="resourceLeveledDate" type="date" from="2014-06-16T15:00:00.000Z" to="2014-06-02T15:00:00.000Z" resolved="yes"/>
    <change idref="t101" attribute="resourceLeveledDate" type="date" from="2014-07-14T15:00:00.000Z" to="2014-06-30T15:00:00.000Z" resolved="yes"/>
    <change idref="t102" attribute="resourceLeveledDate" type="date" from="2014-07-28T15:00:00.000Z" to="2014-07-14T15:00:00.000Z" resolved="yes"/>
    <change idref="t103" attribute="resourceLeveledDate" type="date" from="2014-05-26T15:00:00.000Z" to="2014-05-12T15:00:00.000Z" resolved="yes"/>
    <change idref="t104" attribute="resourceLeveledDate" type="date" from="2014-06-09T15:00:00.000Z" to="2014-05-26T15:00:00.000Z" resolved="yes"/>
    <change idref="t105" attribute="resourceLeveledDate" type="date" from="2014-06-16T15:00:00.000Z" to="2014-06-02T15:00:00.000Z" resolved="yes"/>
    <change idref="t106" attribute="resourceLeveledDate" type="date" from="2014-07-14T15:00:00.000Z" to="2014-06-30T15:00:00.000Z" resolved="yes"/>
    <change idref="t107" attribute="resourceLeveledDate" type="date" from="2014-07-28T15:00:00.000Z" to="2014-07-14T15:00:00.000Z" resolved="yes"/>
    <change idref="t108" attribute="resourceLeveledDate" type="date" from="2014-05-26T15:00:00.000Z" to="2014-05-12T15:00:00.000Z" resolved="yes"/>
    <change idref="t109" attribute="resourceLeveledDate" type="date" from="2014-06-09T15:00:00.000Z" to="2014-05-26T15:00:00.000Z" resolved="yes"/>
    <change idref="t110" attribute="resourceLeveledDate" type="date" from="2014-06-16T15:00:00.000Z" to="2014-06-02T15:00:00.000Z" resolved="yes"/>
    <change idref="t111" attribute="resourceLeveledDate" type="date" from="2014-07-14T15:00:00.000Z" to="2014-06-30T15:00:00.000Z" resolved="yes"/>
    <change idref="t112" attribute="resourceLeveledDate" type="date" from="2014-07-28T15:00:00.000Z" to="2014-07-14T15:00:00.000Z" resolved="yes"/>
    <change idref="t124" attribute="resourceLeveledDate" type="date" from="2014-05-26T15:00:00.000Z" to="2014-05-12T15:00:00.000Z" resolved="yes"/>
    <change idref="t125" attribute="resourceLeveledDate" type="date" from="2014-06-09T15:00:00.000Z" to="2014-05-26T15:00:00.000Z" resolved="yes"/>
    <change idref="t126" attribute="resourceLeveledDate" type="date" from="2014-07-07T15:00:00.000Z" to="2014-06-23T15:00:00.000Z" resolved="yes"/>
    <change idref="t127" attribute="resourceLeveledDate" type="date" from="2014-07-21T15:00:00.000Z" to="2014-07-07T15:00:00.000Z" resolved="yes"/>
    <change idref="t128" attribute="resourceLeveledDate" type="date" from="2014-07-28T15:00:00.000Z" to="2014-07-14T15:00:00.000Z" resolved="yes"/>
    <change idref="t143" attribute="resourceLeveledDate" type="date" from="2014-08-25T15:00:00.000Z" to="2014-08-11T15:00:00.000Z" resolved="yes"/>
    <change idref="t149" attribute="resourceLeveledDate" type="date" from="2014-07-12T00:00:00.000Z" to="2014-06-28T00:00:00.000Z" resolved="yes"/>
    <change idref="t159" attribute="resourceLeveledDate" type="date" from="2014-09-06T00:00:00.000Z" to="2014-08-23T00:00:00.000Z" resolved="yes"/>
    <change idref="t160" attribute="resourceLeveledDate" type="date" from="2014-08-02T00:00:00.000Z" to="2014-07-19T00:00:00.000Z" resolved="yes"/>
    <change idref="t161" attribute="resourceLeveledDate" type="date" from="2014-10-18T00:00:00.000Z" to="2014-10-04T00:00:00.000Z" resolved="yes"/>
    <change idref="t162" attribute="resourceLeveledDate" type="date" from="2014-12-06T01:00:00.000Z" to="2014-11-22T01:00:00.000Z" resolved="yes"/>
    <change idref="t192" attribute="resourceLeveledDate" type="date" from="2014-08-09T00:00:00.000Z" to="2014-07-26T00:00:00.000Z" resolved="yes"/>
    <change idref="t247" attribute="resourceLeveledDate" type="date" from="2014-04-14T15:00:00.000Z" to="2014-03-31T15:00:00.000Z" resolved="yes"/>
    <change idref="t248" attribute="resourceLeveledDate" type="date" from="2014-05-12T15:00:00.000Z" to="2014-04-28T15:00:00.000Z" resolved="yes"/>
    <change idref="t249" attribute="resourceLeveledDate" type="date" from="2014-05-26T15:00:00.000Z" to="2014-05-12T15:00:00.000Z" resolved="yes"/>
    <change idref="t250" attribute="resourceLeveledDate" type="date" from="2014-06-02T15:00:00.000Z" to="2014-05-19T15:00:00.000Z" resolved="yes"/>
    <change idref="t251" attribute="resourceLeveledDate" type="date" from="2014-06-16T15:00:00.000Z" to="2014-06-02T15:00:00.000Z" resolved="yes"/>
    <change idref="t252" attribute="resourceLeveledDate" type="date" from="2014-06-16T15:00:00.000Z" to="2014-06-02T15:00:00.000Z" resolved="yes"/>
    <change idref="t253" attribute="resourceLeveledDate" type="date" from="2014-06-30T15:00:00.000Z" to="2014-06-16T15:00:00.000Z" resolved="yes"/>
    <change idref="t266" attribute="resourceLeveledDate" type="date" from="2014-05-12T15:00:00.000Z" to="2014-04-28T15:00:00.000Z" resolved="yes"/>
    <change idref="t267" attribute="resourceLeveledDate" type="date" from="2014-05-26T15:00:00.000Z" to="2014-05-12T15:00:00.000Z" resolved="yes"/>
    <change idref="t268" attribute="resourceLeveledDate" type="date" from="2014-06-23T15:00:00.000Z" to="2014-06-09T15:00:00.000Z" resolved="yes"/>
    <change idref="t269" attribute="resourceLeveledDate" type="date" from="2014-07-14T15:00:00.000Z" to="2014-06-30T15:00:00.000Z" resolved="yes"/>
    <change idref="t270" attribute="resourceLeveledDate" type="date" from="2014-07-28T15:00:00.000Z" to="2014-07-14T15:00:00.000Z" resolved="yes"/>
    <change idref="t271" attribute="resourceLeveledDate" type="date" from="2014-07-28T15:00:00.000Z" to="2014-07-14T15:00:00.000Z" resolved="yes"/>
    <change idref="t382" attribute="resourceLeveledDate" type="date" from="2014-05-26T15:00:00.000Z" to="2014-05-12T15:00:00.000Z" resolved="yes"/>
    <change idref="t383" attribute="resourceLeveledDate" type="date" from="2014-06-16T15:00:00.000Z" to="2014-06-02T15:00:00.000Z" resolved="yes"/>
    <change idref="t384" attribute="resourceLeveledDate" type="date" from="2014-06-23T15:00:00.000Z" to="2014-06-09T15:00:00.000Z" resolved="yes"/>
    <change idref="t385" attribute="resourceLeveledDate" type="date" from="2014-06-30T15:00:00.000Z" to="2014-06-16T15:00:00.000Z" resolved="yes"/>
    <change idref="t386" attribute="resourceLeveledDate" type="date" from="2014-05-26T15:00:00.000Z" to="2014-05-12T15:00:00.000Z" resolved="yes"/>
    <change idref="t387" attribute="resourceLeveledDate" type="date" from="2014-06-16T15:00:00.000Z" to="2014-06-02T15:00:00.000Z" resolved="yes"/>
    <change idref="t388" attribute="resourceLeveledDate" type="date" from="2014-06-23T15:00:00.000Z" to="2014-06-09T15:00:00.000Z" resolved="yes"/>
    <change idref="t389" attribute="resourceLeveledDate" type="date" from="2014-06-30T15:00:00.000Z" to="2014-06-16T15:00:00.000Z" resolved="yes"/>
    <change idref="t402" attribute="resourceLeveledDate" type="date" from="2014-07-07T15:00:00.000Z" to="2014-06-23T15:00:00.000Z" resolved="yes"/>
    <change idref="t404" attribute="resourceLeveledDate" type="date" from="2014-07-08T15:00:00.000Z" to="2014-06-24T15:00:00.000Z" resolved="yes"/>
    <change idref="t418" attribute="resourceLeveledDate" type="date" from="2014-07-05T00:00:00.000Z" to="2014-06-21T00:00:00.000Z" resolved="yes"/>
    <change idref="t421" attribute="resourceLeveledDate" type="date" from="2014-07-09T00:00:00.000Z" to="2014-06-25T00:00:00.000Z" resolved="yes"/>
  </task-change-set>
  <task-change-set user="Tim Nelson" date="2014-04-21T17:46:31.360Z" timestamp="2014-04-21T17:46:31.360Z">
    <change idref="t21" attribute="internalPrerequisitesString" type="string" from="102FS, 112FS, 122FS, 147FS, 159FS, 192FS, 358FS, 359FS, 360FS" to="122FS, 147FS, 159FS, 192FS, 358FS, 359FS, 360FS" resolved="yes"/>
    <change idref="t21" attribute="resourceLeveledDate" type="date" from="2014-08-25T15:00:00.000Z" to="2014-07-28T15:00:00.000Z" resolved="yes"/>
    <change idref="t46" attribute="resourceLeveledDate" type="date" from="2014-09-08T15:00:00.000Z" to="2014-08-11T15:00:00.000Z" resolved="yes"/>
    <change idref="t107" from="t54" from-position="4" resolved="yes">
      <change idref="t107" attribute="effort" type="real" from="28800" to="288000"/>
      <change idref="t107" attribute="internalPrerequisitesString" type="string" to="106FS"/>
      <change idref="t107" attribute="resourceLeveledDate" type="date" to="2014-07-14T15:00:00.000Z"/>
      <change idref="t107" attribute="styleDict" type="dict" to="{
    &quot;font-fill&quot; =     {
        b = 0;
        g = 0;
        r = 1;
    };
    &quot;gantt-fill-color&quot; =     {
        b = 0;
        g = 0;
        r = 1;
    };
}"/>
      <change idref="t107" attribute="title" type="string" to="Testing"/>
    </change>
    <change idref="t106" from="t54" from-position="3" resolved="yes">
      <change idref="t106" attribute="effort" type="real" from="28800" to="288000"/>
      <change idref="t106" attribute="resourceLeveledDate" type="date" to="2014-06-30T15:00:00.000Z"/>
      <change idref="t106" attribute="styleDict" type="dict" to="{
    &quot;font-fill&quot; =     {
        b = 0;
        g = 0;
        r = 1;
    };
    &quot;gantt-fill-color&quot; =     {
        b = 0;
        g = 0;
        r = 1;
    };
}"/>
      <change idref="t106" attribute="title" type="string" to="Assembly"/>
    </change>
    <change idref="t102" from="t55" from-position="4" resolved="yes">
      <change idref="t102" attribute="effort" type="real" from="28800" to="288000"/>
      <change idref="t102" attribute="internalPrerequisitesString" type="string" to="101FS"/>
      <change idref="t102" attribute="resourceLeveledDate" type="date" to="2014-07-14T15:00:00.000Z"/>
      <change idref="t102" attribute="styleDict" type="dict" to="{
    &quot;font-fill&quot; =     {
        b = 0;
        g = 0;
        r = 1;
    };
    &quot;gantt-fill-color&quot; =     {
        b = 0;
        g = 0;
        r = 1;
    };
}"/>
      <change idref="t102" attribute="title" type="string" to="Testing"/>
    </change>
    <change idref="t101" from="t55" from-position="3" resolved="yes">
      <change idref="t101" attribute="effort" type="real" from="28800" to="288000"/>
      <change idref="t101" attribute="internalPrerequisitesString" type="string" to="100FS"/>
      <change idref="t101" attribute="resourceLeveledDate" type="date" to="2014-06-30T15:00:00.000Z"/>
      <change idref="t101" attribute="styleDict" type="dict" to="{
    &quot;font-fill&quot; =     {
        b = 0;
        g = 0;
        r = 1;
    };
    &quot;gantt-fill-color&quot; =     {
        b = 0;
        g = 0;
        r = 1;
    };
}"/>
      <change idref="t101" attribute="title" type="string" to="Assembly"/>
    </change>
    <change idref="t112" from="t56" from-position="4" resolved="yes">
      <change idref="t112" attribute="effort" type="real" from="28800" to="288000"/>
      <change idref="t112" attribute="internalPrerequisitesString" type="string" to="111FS"/>
      <change idref="t112" attribute="resourceLeveledDate" type="date" to="2014-07-14T15:00:00.000Z"/>
      <change idref="t112" attribute="styleDict" type="dict" to="{
    &quot;font-fill&quot; =     {
        b = 0;
        g = 0;
        r = 1;
    };
    &quot;gantt-fill-color&quot; =     {
        b = 0;
        g = 0;
        r = 1;
    };
}"/>
      <change idref="t112" attribute="title" type="string" to="Testing"/>
    </change>
    <change idref="t111" from="t56" from-position="3" resolved="yes">
      <change idref="t111" attribute="effort" type="real" from="28800" to="288000"/>
      <change idref="t111" attribute="internalPrerequisitesString" type="string" to="110FS"/>
      <change idref="t111" attribute="resourceLeveledDate" type="date" to="2014-06-30T15:00:00.000Z"/>
      <change idref="t111" attribute="styleDict" type="dict" to="{
    &quot;font-fill&quot; =     {
        b = 0;
        g = 0;
        r = 1;
    };
    &quot;gantt-fill-color&quot; =     {
        b = 0;
        g = 0;
        r = 1;
    };
}"/>
      <change idref="t111" attribute="title" type="string" to="Assembly"/>
    </change>
    <change idref="t59" attribute="internalPrerequisitesString" type="string" from="102FS, 107FS, 112FS" to="100FS, 105FS, 110FS" resolved="yes"/>
    <change idref="t59" attribute="title" type="string" from="Integration" to="Assembly" resolved="yes"/>
    <change idref="t59" attribute="resourceLeveledDate" type="date" from="2014-07-28T15:00:00.000Z" to="2014-06-30T15:00:00.000Z" resolved="yes"/>
    <change idref="t62" attribute="resourceLeveledDate" type="date" from="2014-10-06T15:00:00.000Z" to="2014-09-08T15:00:00.000Z" resolved="yes"/>
    <change idref="t63" attribute="resourceLeveledDate" type="date" from="2014-10-20T15:00:00.000Z" to="2014-09-22T15:00:00.000Z" resolved="yes"/>
    <change idref="t64" attribute="resourceLeveledDate" type="date" from="2014-11-17T16:00:00.000Z" to="2014-10-20T15:00:00.000Z" resolved="yes"/>
    <change idref="t143" attribute="resourceLeveledDate" type="date" from="2014-08-11T15:00:00.000Z" to="2014-07-14T15:00:00.000Z" resolved="yes"/>
    <change idref="t147" attribute="resourceLeveledDate" type="date" from="2014-08-02T00:00:00.000Z" to="2014-07-19T00:00:00.000Z" resolved="yes"/>
    <change idref="t148" attribute="resourceLeveledDate" type="date" from="2014-01-18T01:00:00.000Z" to="2014-01-04T01:00:00.000Z" resolved="yes"/>
    <change idref="t159" attribute="resourceLeveledDate" type="date" from="2014-08-23T00:00:00.000Z" to="2014-07-26T00:00:00.000Z" resolved="yes"/>
    <change idref="t161" attribute="resourceLeveledDate" type="date" from="2014-10-04T00:00:00.000Z" to="2014-09-06T00:00:00.000Z" resolved="yes"/>
    <change idref="t162" attribute="resourceLeveledDate" type="date" from="2014-11-22T01:00:00.000Z" to="2014-10-25T00:00:00.000Z" resolved="yes"/>
    <change idref="t211" attribute="effort" type="real" from="864000" to="576000" resolved="yes"/>
    <change idref="t262" attribute="effort" type="real" from="864000" to="576000" resolved="yes"/>
  </task-change-set>
</changelog>
